id,name,city_id,created_by_id,last_modified_by_id
59173234-17e7-4b37-88f1-9b2c7390a35f,ÇİNE,24bc317b-2ed3-4944-b83e-c59253b5c058,3,3
33325505-4c2e-4589-aea7-a5de50b337a2,KORKUTELİ,bb35b134-f081-4cb8-844b-0f60da38da06,3,3
0dd44c03-2539-47ff-9464-ff63f9aaa338,KOYULHİSAR,fa6946d4-b281-4cc5-a047-0b4b80a11268,3,3
65e7bb69-fff9-4a11-82e2-61e5526a7015,TUZLUKÇU,4f36f744-5985-4605-b65a-a60f986d8197,3,3
a5cb5933-9c3a-46f6-8e60-9330a355007d,ZARA,fa6946d4-b281-4cc5-a047-0b4b80a11268,3,3
577f738f-145a-4079-a9f5-88266c8bbb9e,KÖPRÜBAŞI,2facbd65-ca92-408e-ac53-516e60f468d7,3,3
8c28cd01-8272-4abe-a82a-c7bb13aae94b,SARAY,9c9e321e-663f-4cb4-8085-5facd464dc68,3,3
a46b9f6d-80d4-440b-9324-4dad816521ff,SAFRANBOLU,7e1a2f38-0110-4d83-9828-06b50510f925,3,3
ba3404ec-4d01-4e7b-bd3a-5a3c366d7205,İNEGÖL,9b5965d9-4b44-49d4-a6ff-e98f61308229,3,3
17fb2843-d8dd-4cfb-b89c-f761efeb4b9c,GÖMEÇ,8b88c606-15c7-487b-8d6d-26a36bd70b8c,3,3
a7d65685-c150-477a-bc04-d46135d05e02,YAĞLIDERE,3232c980-5404-4060-b18c-fa745df09751,3,3
1b6471d7-29b1-4aef-abd7-b7a2dd65455c,MERKEZ,7e1a2f38-0110-4d83-9828-06b50510f925,3,3
a425ee32-a249-492b-a119-31478bc63c58,EMET,4fd7e41e-3234-40c2-bec0-3c33f6d13bca,3,3
b296e51f-c7e9-4601-b09d-1412fadffc97,SERİNHİSAR,7a47e8c4-2981-41bf-a91b-83e769344b29,3,3
14f7848b-68bf-4ea0-b247-9f9d0e9a25f2,DEMİRÖZÜ,82fe070e-7f4b-4c08-a627-64979612ddc0,3,3
7a2aa115-1e4f-4f1f-9534-b03fb4995be3,DARGEÇİT,006b7ca0-1c73-43fb-93d7-b7fef750c97a,3,3
db4ec89d-d504-4aa6-990e-8beae1cb91cf,FATSA,162397e6-3942-45a2-aa9b-4ec912f86c0f,3,3
0a6e583c-a5c3-45e9-af08-46ea2dc7d636,YENİPAZAR,24bc317b-2ed3-4944-b83e-c59253b5c058,3,3
3b3f1f10-f5e6-4967-a85b-e8936cbcacaf,KARKAMIŞ,ed75450b-02d0-4be1-9b67-a69da901b6bc,3,3
e349c68f-ff76-4c55-82e2-f5ce7c1f6d38,YÜREĞİR,f25d9ff9-f343-4a54-93e3-36180dbcab32,3,3
797fa9ab-0a72-488f-b7da-ba31d7871da3,GÜZELBAHÇE,5f83fa90-a3e1-44ca-84e2-18c5c531c200,3,3
ccc74b6e-8c38-40ca-bee6-19216497bde6,MENTEŞE,8b7f8818-c1c7-4b6c-89c6-9427fdc92fd9,3,3
6d70ff34-63a9-4ed3-89ac-f922195e07ef,POLATELİ,6a1721f9-d4aa-47d5-b93d-c7500eb46bda,3,3
c3abca21-e074-47e0-ba39-f89fc53f3610,KORGAN,162397e6-3942-45a2-aa9b-4ec912f86c0f,3,3
e00477b0-a1d5-4ce6-aed8-8dde2c7b2c18,İVRİNDİ,8b88c606-15c7-487b-8d6d-26a36bd70b8c,3,3
3779faf9-015d-458e-a12c-c3bd616b220c,GÜNDOĞMUŞ,bb35b134-f081-4cb8-844b-0f60da38da06,3,3
dbcdea5e-78cf-4ef6-9eaf-17e2575b5646,BAĞCILAR,f68c97c5-2ea7-431e-8e4d-bc4a1118b62b,3,3
0f897fb8-c4df-4c5c-b9e6-c58164175061,MERKEZ,a921760b-c02c-4d06-9f64-2a75d69df689,3,3
79c752b0-07c4-4629-9ef8-c555e7664ee3,ELMALI,bb35b134-f081-4cb8-844b-0f60da38da06,3,3
43aa08b5-06fc-44b4-b159-ab532a75967e,DEFNE,29cdfc6a-53fc-4673-a47e-8e53d64a0ac4,3,3
eab251c5-d00a-40c5-990c-aca5625bb4ba,BOZYAZI,44fbe18f-fb02-4d16-ba52-d6e03275541e,3,3
82676fb3-3a0d-4204-b53f-24be30b5d59c,BORÇKA,2385ddbd-89bf-46e8-96bd-30963a3391fc,3,3
2a8bf9bd-bbf0-448a-b0c6-d76f95ca841c,LİCE,5483513b-61a1-44f1-8f0d-173195a24fe7,3,3
42cf0580-d101-4159-974c-a628acf6273d,MERKEZ,3a2598ff-e30b-4e00-aac2-d7764f4475b6,3,3
a60e97d7-e086-4bc9-b6d6-37af636eca41,ÖDEMİŞ,5f83fa90-a3e1-44ca-84e2-18c5c531c200,3,3
4938977c-2005-4cb7-a4a3-9c593bcf704c,ŞENPAZAR,4f3e05ac-e7fc-4a98-afd7-d817c36e9793,3,3
7b0d4dd9-305a-406a-a00b-4dc2275eb712,PERŞEMBE,162397e6-3942-45a2-aa9b-4ec912f86c0f,3,3
c26124bd-0f8e-476e-bcfd-342a48551c20,HACILAR,44cdfe28-bdba-43a6-a500-186b456d814d,3,3
744602a2-19a5-46ba-99bb-c009d9f9166b,AVCILAR,f68c97c5-2ea7-431e-8e4d-bc4a1118b62b,3,3
4ff5286d-7fda-4af6-8769-70237461178e,VİRANŞEHİR,f7f64f1d-072e-4db8-9908-894134524c69,3,3
758bdab7-307a-4524-8cbd-7384e7eb8027,KARESİ,8b88c606-15c7-487b-8d6d-26a36bd70b8c,3,3
2146c366-f9c4-40b9-9970-7191c2662ed0,YALVAÇ,d43a7d97-ca36-4b01-b3c8-70fa357836cf,3,3
06ae03ea-46fa-4682-9c18-37e9984eba12,SARIGÖL,0fe5a765-5d86-407b-a18a-954507784c74,3,3
7ceb72df-be95-4cf2-ba98-a261e7095e42,SİMAV,4fd7e41e-3234-40c2-bec0-3c33f6d13bca,3,3
79f0ab55-ba19-4176-826d-b7d5c7b3cdcc,GÖRDES,0fe5a765-5d86-407b-a18a-954507784c74,3,3
24cf5597-f4d8-4f52-b875-915170af5a94,KAVAKLIDERE,8b7f8818-c1c7-4b6c-89c6-9427fdc92fd9,3,3
bddb6e2a-5605-45e8-a3f6-4f12104d1c2b,ORHANELİ,9b5965d9-4b44-49d4-a6ff-e98f61308229,3,3
e4beaf07-c30d-4709-8b8a-c102b7bbb02e,GÖLMARMARA,0fe5a765-5d86-407b-a18a-954507784c74,3,3
0754fca3-fb0e-4cf3-9ee7-704d686f17ed,BÜNYAN,44cdfe28-bdba-43a6-a500-186b456d814d,3,3
ed3a7b31-8969-4fc7-9de9-f81e6362ee5d,ALTINORDU,162397e6-3942-45a2-aa9b-4ec912f86c0f,3,3
b5dfc933-88ff-49d0-b22c-0fbfb2a39d42,BEYLİKOVA,ef30a7f2-0bd1-470a-acd8-3136a7109af2,3,3
df3f5fdd-29c5-4e9f-b437-96840b970c1b,SARIYAHŞİ,9baa4aa1-0d76-42ff-be9b-b7a5b0955624,3,3
e944e122-d2d1-4e40-a69a-e350908884ea,ARTOVA,fb3852b5-0780-407c-bd0f-da2d0109465c,3,3
101c68c2-1b9f-46d0-933b-47b577e29d85,ERMENEK,ed3b2e3c-2fe6-4d86-8e7f-8d484f63bf43,3,3
afddc8c6-99c2-42c2-b99a-638ffc0a6a9d,SULUOVA,3a2598ff-e30b-4e00-aac2-d7764f4475b6,3,3
3c5b16be-854a-4b86-a3f5-8de5d380e9b0,KARAYAZI,5e5b9920-e84c-44ef-905a-cd31b3a66c44,3,3
eea25a6d-abc4-4c62-b88a-1876104d5275,CİZRE,1ff22d1d-8450-436f-8085-3b1fd140afa8,3,3
f2c7055d-c3e2-44be-867e-82e0844e1e23,HOPA,2385ddbd-89bf-46e8-96bd-30963a3391fc,3,3
448bbc71-d103-42b6-bde5-9aec9c0c5ac5,ÇERKEZKÖY,9c9e321e-663f-4cb4-8085-5facd464dc68,3,3
a14e83ef-482d-43e5-9b59-7f5598823fdc,LAÇİN,5655551f-a4f5-4921-b6a8-1399c5b8b71b,3,3
facabe2c-6491-4964-bb0d-045556c55956,BAKIRKÖY,f68c97c5-2ea7-431e-8e4d-bc4a1118b62b,3,3
63c52e65-fcfc-41c8-bae1-e1e52507cc95,ÇİĞLİ,5f83fa90-a3e1-44ca-84e2-18c5c531c200,3,3
202e0cc5-9384-4685-b6ab-0630a24a5ce8,HİLVAN,f7f64f1d-072e-4db8-9908-894134524c69,3,3
ca2c1990-df9f-4bcf-95f4-ca41c0ab332e,DULKADİROĞLU,34dbd6d4-c49b-4f8b-8b4c-f34456e0cdab,3,3
37699c85-1a5c-4a09-8061-43f72ab618b9,SARAYÖNÜ,4f36f744-5985-4605-b65a-a60f986d8197,3,3
a0441846-4380-4c50-9194-965bdb747f45,YOMRA,2facbd65-ca92-408e-ac53-516e60f468d7,3,3
291860cf-2900-4135-b97b-72618aa66617,AKPINAR,e122d251-ff23-495c-92fa-d1f36f10028d,3,3
853d2c75-c7f3-4cef-a9aa-4963a7af7212,MERKEZ,fb3852b5-0780-407c-bd0f-da2d0109465c,3,3
5095903c-b9f7-478c-891e-f04422161c86,SAVUR,006b7ca0-1c73-43fb-93d7-b7fef750c97a,3,3
3da9cfc3-238e-478d-b12b-ac668213718f,İMRANLI,fa6946d4-b281-4cc5-a047-0b4b80a11268,3,3
be53e813-941a-4b74-b627-2aa9a09e85b7,MERKEZ,790797ad-0a51-451a-a4a7-da9f2bfe1bb6,3,3
ea81e17b-557d-4811-a134-85408f76ae0e,GÖYNÜK,e414f007-372a-4eb4-8528-96f4472b0abf,3,3
ea399264-c013-40d6-b9f1-b182f0b6f132,MERKEZ,68837a9e-b016-4c8b-933e-5c279da5c295,3,3
ac449531-b2f0-4e46-bacd-74536b549265,DOĞANŞEHİR,0eb06902-3df3-4bcc-9dfa-3a7c6e205e7a,3,3
88fc318e-efb1-4476-88a3-b34d9e63d04c,ALİAĞA,5f83fa90-a3e1-44ca-84e2-18c5c531c200,3,3
5092eadb-92cd-45a5-81d9-d68868db9ec4,LAPSEKİ,db4cfb7c-95be-4abc-948e-c5de57785d6b,3,3
5f079118-a8a7-4fe3-a4a8-46fa3bb172f7,AYDINCIK,44fbe18f-fb02-4d16-ba52-d6e03275541e,3,3
acd9796a-863a-4d66-a965-08c6c3ed3500,ERCİŞ,9a9704a3-ac46-4dfb-89b2-2c582478650b,3,3
59cf43fd-3460-4715-a6b0-c7fa59c825f9,GÜDÜL,6429b812-7c0f-4a22-8c2d-3d308a0c3f82,3,3
7a4f346c-669f-4adf-9f7a-1ff4cacf5780,EFELER,24bc317b-2ed3-4944-b83e-c59253b5c058,3,3
5c95dafa-b5f2-4d97-ac55-719016ce6c39,YAYLADAĞI,29cdfc6a-53fc-4673-a47e-8e53d64a0ac4,3,3
b8744319-55b6-4073-abad-1130a3817c3a,KIZILCAHAMAM,6429b812-7c0f-4a22-8c2d-3d308a0c3f82,3,3
76527da7-7799-428e-bf0e-0648f7ab657c,GÜCE,3232c980-5404-4060-b18c-fa745df09751,3,3
7883cc29-e8e4-41e4-a669-0829cab8c3d7,EŞME,38535176-c8b2-4baa-a100-072505be3e76,3,3
7d822032-f4e1-4680-a4be-a149ae8de26a,TORTUM,5e5b9920-e84c-44ef-905a-cd31b3a66c44,3,3
72a0bd16-53f8-4fc4-b355-cb5afbba8903,ARAKLI,2facbd65-ca92-408e-ac53-516e60f468d7,3,3
fe6726d8-a899-4b7c-b12e-780de5dd54a7,AKYAZI,a87794ee-f7a8-40de-acb2-165add773634,3,3
9176121d-4ceb-4d0e-bef5-635051a2a36c,ÇELİKHAN,b2146e95-c44b-4684-9240-7a8af672cca6,3,3
c1a08498-08ea-49e8-b1bc-23561f6f72a7,KARAKEÇİLİ,e00fd4e3-2d2a-4066-8069-06bda27d2fcb,3,3
6490ea95-200c-43ee-8657-b1ea51deee5e,DÜZİÇİ,d71b357d-c159-4a3d-b0c4-bfb875b86a78,3,3
68156833-3a3e-4793-acb0-fbd4719a4544,BOZKURT,4f3e05ac-e7fc-4a98-afd7-d817c36e9793,3,3
690547e6-bf39-4695-b21e-ee43813cf274,SEYDİŞEHİR,4f36f744-5985-4605-b65a-a60f986d8197,3,3
0a0b8dc7-e411-4528-82c8-3ead6a0f20a1,AHMETLİ,0fe5a765-5d86-407b-a18a-954507784c74,3,3
148d0006-91af-49cb-95d5-b3aca35b8b8b,ÇATAK,9a9704a3-ac46-4dfb-89b2-2c582478650b,3,3
33879fc3-c803-457c-a6a4-f54aa204d60e,MİLAS,8b7f8818-c1c7-4b6c-89c6-9427fdc92fd9,3,3
fa93e0e9-40a4-484b-b668-0ea341ee285b,ADİLCEVAZ,93be93aa-0410-498d-b1c6-8345ee73417d,3,3
880fad54-348f-4b7c-a3d9-90c2f6743638,HAVSA,d14d349d-2daf-4639-9c66-53ddce02aeda,3,3
e626691c-2aee-443d-b3f3-115b33f3c54b,DOĞANYURT,4f3e05ac-e7fc-4a98-afd7-d817c36e9793,3,3
3bd293f9-a08e-4b20-9e1d-64365683e256,GENÇ,68837a9e-b016-4c8b-933e-5c279da5c295,3,3
f3ebb0e6-3852-47dc-9008-caa1ff004d63,AKYAKA,00e74a54-5fbc-4a58-a5fa-f395c1066b13,3,3
f6d5740a-bd08-44eb-98b3-8f32a9d2b90f,KARAMÜRSEL,f883026a-09e0-44bd-af64-57ade8bab97b,3,3
9fdebc9e-2ec6-490a-a166-fa5e42da541f,BALA,6429b812-7c0f-4a22-8c2d-3d308a0c3f82,3,3
57015ade-7ce2-45b1-bc42-2a0a7a0a125c,TATVAN,93be93aa-0410-498d-b1c6-8345ee73417d,3,3
0f7a8c96-c336-49c3-922f-5d2385ae5591,KÖPRÜBAŞI,0fe5a765-5d86-407b-a18a-954507784c74,3,3
4037217d-e7bf-4d60-9843-2c6355c5b701,ÇARŞAMBA,8f91f557-ab29-48d8-9ad6-38e0da9c88ec,3,3
dd58499e-7f58-40a3-b4c6-bc8f4925ef3d,EVCİLER,bd2215be-7c99-4132-8fdd-ef0e857ce616,3,3
d0c64f30-61f6-4491-a332-d8314a3d63c1,YÜKSEKOVA,440c7b36-fdf8-44ae-9083-523d44298079,3,3
0106bb1c-f126-4dcc-be08-88b86f1ecbf5,BAHÇELİEVLER,f68c97c5-2ea7-431e-8e4d-bc4a1118b62b,3,3
1e7dfe69-6ec0-4ecc-8e65-ad31adedba24,KIZILÖREN,bd2215be-7c99-4132-8fdd-ef0e857ce616,3,3
d281a5ad-2975-47c3-b0de-b0070cafcd99,BAHÇE,d71b357d-c159-4a3d-b0c4-bfb875b86a78,3,3
b07294a8-e720-4bab-b0b8-b17ea8a561da,İHSANGAZİ,4f3e05ac-e7fc-4a98-afd7-d817c36e9793,3,3
2f133554-1996-4193-89a4-b249d2160e92,DERNEKPAZARI,2facbd65-ca92-408e-ac53-516e60f468d7,3,3
fc0a5c87-b7a4-4b72-811f-99eeee12b001,OTLUKBELİ,0de21b17-01ce-4f56-8443-c600eee0900d,3,3
cb8c881d-ce8b-4d8f-b378-9088c0839293,YALIHÜYÜK,4f36f744-5985-4605-b65a-a60f986d8197,3,3
a2732096-7c5a-4772-b2b6-f7ca37df3ba4,İSKİLİP,5655551f-a4f5-4921-b6a8-1399c5b8b71b,3,3
e780ce2e-249b-45cc-85de-fc69986f2913,MERKEZ,de2a8328-eb33-414a-937f-9d8282744536,3,3
d2845838-3967-482a-99f8-fff12338c629,ARNAVUTKÖY,f68c97c5-2ea7-431e-8e4d-bc4a1118b62b,3,3
5dc1e59d-86a3-4e31-bad7-7ec1129351a3,PİRAZİZ,3232c980-5404-4060-b18c-fa745df09751,3,3
c7e52968-7e23-45b6-a8c4-9973079a1073,ÇAL,7a47e8c4-2981-41bf-a91b-83e769344b29,3,3
48f74b20-203a-4a76-bf0b-d218aec208b2,TERCAN,0de21b17-01ce-4f56-8443-c600eee0900d,3,3
399e7384-3e9a-4921-bdf9-ca0747cb4aaa,ALUCRA,3232c980-5404-4060-b18c-fa745df09751,3,3
55d91cdb-1962-4e51-a816-c12f515a109c,GÜLYALI,162397e6-3942-45a2-aa9b-4ec912f86c0f,3,3
7675d123-7c7b-4e48-ac90-5b958c3c72ae,YUNUSEMRE,0fe5a765-5d86-407b-a18a-954507784c74,3,3
9dfb7906-f9de-4c68-a443-a425733362da,GÜRGENTEPE,162397e6-3942-45a2-aa9b-4ec912f86c0f,3,3
94223307-f55d-4652-862e-559a2896c332,NUSAYBİN,006b7ca0-1c73-43fb-93d7-b7fef750c97a,3,3
50956184-3d06-487c-b878-36de04e4acfe,LÜLEBURGAZ,3f087c0f-5039-4bf3-856a-afffcdaf592b,3,3
67aab58b-b582-4e5e-9c8f-a4cfa46cebdb,BİGA,db4cfb7c-95be-4abc-948e-c5de57785d6b,3,3
529b8fb2-b083-47af-a3d0-aa7312618019,EMİRDAĞ,bd2215be-7c99-4132-8fdd-ef0e857ce616,3,3
7482cfc1-9788-490b-90cf-149f8443fdf9,İSLAHİYE,ed75450b-02d0-4be1-9b67-a69da901b6bc,3,3
8abbcd9a-3038-4479-bc3f-08bb0d3d0355,MALKARA,9c9e321e-663f-4cb4-8085-5facd464dc68,3,3
26b86a28-a38a-4cb9-988c-4707fe3f662b,SARIVELİLER,ed3b2e3c-2fe6-4d86-8e7f-8d484f63bf43,3,3
81ee4aec-7ee7-40c7-9b26-e6d88277907b,MELİKGAZİ,44cdfe28-bdba-43a6-a500-186b456d814d,3,3
bb10399b-fc0e-46a8-8af9-bfdd49ec71b3,ACIGÖL,69f57ea2-fba7-4fe1-9a3e-2c04515584de,3,3
b4d3e794-960f-407f-a6d5-8f5898006434,NURHAK,34dbd6d4-c49b-4f8b-8b4c-f34456e0cdab,3,3
d1a624b2-51fe-4886-831b-ca23bebf644e,AYVALIK,8b88c606-15c7-487b-8d6d-26a36bd70b8c,3,3
33e6643c-1404-4cc2-a1ca-5c1917684dd9,AKDAĞMADENİ,790797ad-0a51-451a-a4a7-da9f2bfe1bb6,3,3
6f36d8a0-a8cc-4e19-88fc-43d143683358,YAHYALI,44cdfe28-bdba-43a6-a500-186b456d814d,3,3
bfa8baf3-0719-47b4-87e4-6eccc03f3d2f,MANAVGAT,bb35b134-f081-4cb8-844b-0f60da38da06,3,3
09a340b5-abdd-439c-a355-2700ac038981,GÖRELE,3232c980-5404-4060-b18c-fa745df09751,3,3
0ce56661-7dcc-4285-b320-21cca55e20bb,ARALIK,1d2076c2-7bd0-4423-92e4-3df04e0dfea3,3,3
44a0fb79-088e-4dc3-996d-fd6ed5056df3,ÇİFTLİK,43c96813-0567-4760-a2b5-e9fa8e62764e,3,3
c935e10f-2896-4e5a-a4ac-ab903fe53c1f,YEŞİLHİSAR,44cdfe28-bdba-43a6-a500-186b456d814d,3,3
9fc7e95a-7ce8-4bb3-a471-d1861eb03a75,SUNGURLU,5655551f-a4f5-4921-b6a8-1399c5b8b71b,3,3
14c624d0-618f-479b-bc45-bae98c908303,YEŞİLOVA,218f64ca-3609-4089-9e7c-642488652fbb,3,3
c4e89290-1e0b-4180-be8a-e1171782b6f9,GEVAŞ,9a9704a3-ac46-4dfb-89b2-2c582478650b,3,3
93e01bed-5292-4ffe-8b65-3903d3cef810,HARMANCIK,9b5965d9-4b44-49d4-a6ff-e98f61308229,3,3
f40c9888-541f-4e6a-bc19-05f3acf5b2c8,TONYA,2facbd65-ca92-408e-ac53-516e60f468d7,3,3
09bf3a77-1577-4179-8715-7d8a68ef6efb,AMASRA,dda5c4bd-079d-49aa-af3f-5146056fba1d,3,3
9db79810-f00b-43e6-b668-753f451e25a5,GÜNEYSU,4a28fa4d-2a2e-493c-b0d2-e75de996b3e6,3,3
480d48c8-415c-4dff-87a2-eeec74864da8,ALAPLI,acd6ebfa-8ff9-4511-b1cf-835ca3b362a4,3,3
defe8057-1a4c-4eb9-8b11-699b74c55001,SURUÇ,f7f64f1d-072e-4db8-9908-894134524c69,3,3
44637177-a976-4bbe-b006-f771d4269c00,PINARBAŞI,4f3e05ac-e7fc-4a98-afd7-d817c36e9793,3,3
2bfe251d-16e6-477f-8c30-8b72929cfee9,MUCUR,e122d251-ff23-495c-92fa-d1f36f10028d,3,3
09ea9d05-e44f-4c55-b349-de8d42f8d950,İMAMOĞLU,f25d9ff9-f343-4a54-93e3-36180dbcab32,3,3
58aec54f-83bc-4e4b-a9ca-9944b7d06d16,TUZLA,f68c97c5-2ea7-431e-8e4d-bc4a1118b62b,3,3
cf5d705f-fec1-456f-a01c-d0921ff52057,BORNOVA,5f83fa90-a3e1-44ca-84e2-18c5c531c200,3,3
5cb60766-125f-41a8-9129-7e7cd93c57ed,YAHŞİHAN,e00fd4e3-2d2a-4066-8069-06bda27d2fcb,3,3
5df25661-e78a-4da1-ae0c-6da0c966f64b,TEPEBAŞI,ef30a7f2-0bd1-470a-acd8-3136a7109af2,3,3
3190318a-6569-4df9-911a-7c0b4e80cd77,ERBAA,fb3852b5-0780-407c-bd0f-da2d0109465c,3,3
b317bc0f-ebd7-4759-9375-71780b759fc0,SİVASLI,38535176-c8b2-4baa-a100-072505be3e76,3,3
f960180e-8595-4ad4-9a67-e684c6f99283,ARICAK,41038aca-97da-463f-a3da-dc26548adf36,3,3
ff307315-5418-4b9d-aede-57252be6d09e,ŞENKAYA,5e5b9920-e84c-44ef-905a-cd31b3a66c44,3,3
f27ac735-3c05-44b1-81fb-e5454a79f504,YAZIHAN,0eb06902-3df3-4bcc-9dfa-3a7c6e205e7a,3,3
a1e16bc0-3fab-4376-8118-37534bdd49ed,KOCAKÖY,5483513b-61a1-44f1-8f0d-173195a24fe7,3,3
cfc280ee-423c-4a45-a94a-0f7106468a55,TORBALI,5f83fa90-a3e1-44ca-84e2-18c5c531c200,3,3
9d6b6f50-49c7-45e9-9e6a-b48d05b3cf07,MUDURNU,e414f007-372a-4eb4-8528-96f4472b0abf,3,3
fb3868af-8df6-4b9e-88cc-da765dfe3b0e,DOĞANŞAR,fa6946d4-b281-4cc5-a047-0b4b80a11268,3,3
3bea912e-d1e2-4019-a61f-be681a40b10e,TAVŞANLI,4fd7e41e-3234-40c2-bec0-3c33f6d13bca,3,3
cd3d567e-6b35-4601-a3cd-c2995a5acde1,SEFERİHİSAR,5f83fa90-a3e1-44ca-84e2-18c5c531c200,3,3
c94a6b87-a9af-438f-b0ed-8710e4e28dbb,URLA,5f83fa90-a3e1-44ca-84e2-18c5c531c200,3,3
b8dc099d-d3d4-40bf-b297-aca9b732a48a,DEMİRCİ,0fe5a765-5d86-407b-a18a-954507784c74,3,3
b54a5b8e-6a60-4a86-ba96-733a0da0019f,DUMLUPINAR,4fd7e41e-3234-40c2-bec0-3c33f6d13bca,3,3
b353cb6c-ba28-44b5-9b88-c406af57e754,DEREPAZARI,4a28fa4d-2a2e-493c-b0d2-e75de996b3e6,3,3
e67e89c0-c00d-481e-83ab-01fbcc237e2c,ÇÜNGÜŞ,5483513b-61a1-44f1-8f0d-173195a24fe7,3,3
3f1b3edb-510e-4e1e-b872-000bbbb078fb,ERDEMLİ,44fbe18f-fb02-4d16-ba52-d6e03275541e,3,3
0ae1da69-66e5-4e11-9236-b3b43170ad7a,ESKİL,9baa4aa1-0d76-42ff-be9b-b7a5b0955624,3,3
c557e9af-f758-4aac-9821-6e11abbc57f8,MERKEZ,1d2076c2-7bd0-4423-92e4-3df04e0dfea3,3,3
59784270-969b-410d-9237-dbf0cedb787b,ÇAMOLUK,3232c980-5404-4060-b18c-fa745df09751,3,3
9643d8ad-e5f9-4ec1-8d2b-40ee3af754e8,KIZILTEPE,006b7ca0-1c73-43fb-93d7-b7fef750c97a,3,3
66771bc8-2be8-4d5a-ae49-43014e44daed,ORTACA,8b7f8818-c1c7-4b6c-89c6-9427fdc92fd9,3,3
fb46ad22-9403-4d83-ab6b-47c0b13f1964,ARHAVİ,2385ddbd-89bf-46e8-96bd-30963a3391fc,3,3
dd981d83-0c54-403c-a2ad-afd95d51f4e6,CEYLANPINAR,f7f64f1d-072e-4db8-9908-894134524c69,3,3
a5a841ef-12dd-4b4a-a0f1-b02f018031c5,KOÇARLI,24bc317b-2ed3-4944-b83e-c59253b5c058,3,3
efb02f33-e86a-4b11-a7c2-d853f6327649,ÇAYELİ,4a28fa4d-2a2e-493c-b0d2-e75de996b3e6,3,3
1877f4c1-cd21-4bfc-b458-36ef8939b732,MERKEZ,2385ddbd-89bf-46e8-96bd-30963a3391fc,3,3
1f728371-b754-4360-b6e8-8a52eb9bde80,AKÇAKALE,f7f64f1d-072e-4db8-9908-894134524c69,3,3
2e69c202-5de1-4eb6-9174-c2dd1da3601c,DAZKIRI,bd2215be-7c99-4132-8fdd-ef0e857ce616,3,3
a4a10495-8b53-4066-8554-bd6e65541c80,TÜRKELİ,3a65f91e-3637-476e-a40e-dda0b091a264,3,3
4b828b9b-319c-4b6a-9f33-c5da32a4bcdc,BAYAT,bd2215be-7c99-4132-8fdd-ef0e857ce616,3,3
5ae00593-3d6f-4894-916b-319ef8cce920,ŞEBİNKARAHİSAR,3232c980-5404-4060-b18c-fa745df09751,3,3
5becb307-4952-44db-8258-742c483c4680,MERKEZ,4fd7e41e-3234-40c2-bec0-3c33f6d13bca,3,3
aead5b3c-fe8f-4306-80bd-7d37d52f0b1c,SELENDİ,0fe5a765-5d86-407b-a18a-954507784c74,3,3
fd394c82-eebc-4ff3-844c-4aaf139ce4ad,ADAPAZARI,a87794ee-f7a8-40de-acb2-165add773634,3,3
b7c3682c-1aaa-4e4d-a6dd-3709b52304d9,GÖYNÜCEK,3a2598ff-e30b-4e00-aac2-d7764f4475b6,3,3
16eb4adc-8862-417c-8ead-4a0a68e04180,GÜRSU,9b5965d9-4b44-49d4-a6ff-e98f61308229,3,3
56cb8ba5-86e6-430a-8d88-eb8c6f9e2525,MERKEZ,b2146e95-c44b-4684-9240-7a8af672cca6,3,3
6f464f28-214c-4c7b-a9f7-77ecaf108d1d,KULUNCAK,0eb06902-3df3-4bcc-9dfa-3a7c6e205e7a,3,3
6a04aaa4-c3ec-473f-9100-d15bf38d9023,GERGER,b2146e95-c44b-4684-9240-7a8af672cca6,3,3
d8d841d5-c539-4c55-b076-de621ef5de75,SARAY,9a9704a3-ac46-4dfb-89b2-2c582478650b,3,3
b092ffde-940c-41c3-a0a7-3b0285d5599e,GÖLOVA,fa6946d4-b281-4cc5-a047-0b4b80a11268,3,3
338e7c8b-818d-4a10-ab42-e8d4fdaf6934,HASANKEYF,63990a9e-ab03-4cb3-b00e-bb93848896ca,3,3
65be5464-3c9e-4175-9768-6945abbaf500,MUSTAFAKEMALPAŞA,9b5965d9-4b44-49d4-a6ff-e98f61308229,3,3
13e4b095-18c8-4686-8d7d-bb4a5b6034f4,POSOF,571c9fb2-5744-46ab-9509-9e96d067f9e7,3,3
c2adb56a-eb45-4dc2-ace4-744f502234aa,DİCLE,5483513b-61a1-44f1-8f0d-173195a24fe7,3,3
3b97ff8f-7db0-4764-b25f-24e7bd735267,ŞAHİNBEY,ed75450b-02d0-4be1-9b67-a69da901b6bc,3,3
a1560a0b-e57a-4f11-a6ce-954ae16450f2,ÇOBANLAR,bd2215be-7c99-4132-8fdd-ef0e857ce616,3,3
2a834789-6f3a-46db-9ed3-1a3068acad3e,MERKEZ,3f087c0f-5039-4bf3-856a-afffcdaf592b,3,3
3f845f31-2bd1-4700-81ec-bbc8d777db8a,ŞEREFLİKOÇHİSAR,6429b812-7c0f-4a22-8c2d-3d308a0c3f82,3,3
358e2ee3-10fd-4117-be09-f4e0cdb36d24,HAN,ef30a7f2-0bd1-470a-acd8-3136a7109af2,3,3
28f00d9e-29b7-4153-889c-5cbadb5e97dc,TALAS,44cdfe28-bdba-43a6-a500-186b456d814d,3,3
faad7f27-c01e-489b-981c-c8d135685262,KARPUZLU,24bc317b-2ed3-4944-b83e-c59253b5c058,3,3
b60f77bf-bb51-4557-a856-092b40a9eb60,SUSURLUK,8b88c606-15c7-487b-8d6d-26a36bd70b8c,3,3
c3937d0f-7fb8-4df1-81a7-a7f0fd118c84,ALAŞEHİR,0fe5a765-5d86-407b-a18a-954507784c74,3,3
da0a5e67-c81b-44ee-9b75-4ffb9e6a4cfb,SUR,5483513b-61a1-44f1-8f0d-173195a24fe7,3,3
a87d2324-5aca-420b-880c-76df4d493add,AŞKALE,5e5b9920-e84c-44ef-905a-cd31b3a66c44,3,3
f9eb734c-93b9-4d12-a00c-feacfb56e969,KUMLUCA,bb35b134-f081-4cb8-844b-0f60da38da06,3,3
3050c461-ce43-4fab-9309-c7a9604465c9,AĞLI,4f3e05ac-e7fc-4a98-afd7-d817c36e9793,3,3
53c2da8e-9280-4618-b4fe-056f9698ff83,SÜRMENE,2facbd65-ca92-408e-ac53-516e60f468d7,3,3
82197bba-23fb-4716-abd3-134d03431bad,ÇAVDIR,218f64ca-3609-4089-9e7c-642488652fbb,3,3
93a1b4cc-90ea-4e81-9e70-0ce4e679b068,YEŞİLYURT,0eb06902-3df3-4bcc-9dfa-3a7c6e205e7a,3,3
43abcb70-b6b9-4671-8839-35a629bd02e2,SARIZ,44cdfe28-bdba-43a6-a500-186b456d814d,3,3
e4f50a2c-41a6-4e34-8f2c-888befe11c16,ÇATALPINAR,162397e6-3942-45a2-aa9b-4ec912f86c0f,3,3
4bb7c229-249f-4934-a084-b93a2febd8c5,SARAYKÖY,7a47e8c4-2981-41bf-a91b-83e769344b29,3,3
0b71812d-3540-400e-9b8b-fafbf381ee6f,MERKEZ,fa6946d4-b281-4cc5-a047-0b4b80a11268,3,3
a8c3ebe5-b68d-44ab-b3a4-f88ead0fe80c,KARAKOÇAN,41038aca-97da-463f-a3da-dc26548adf36,3,3
e3014675-1743-4429-a86a-97e2a3297d72,PEHLİVANKÖY,3f087c0f-5039-4bf3-856a-afffcdaf592b,3,3
2765ecf5-d56d-433e-80b0-8c1e9b053d1c,BOYABAT,3a65f91e-3637-476e-a40e-dda0b091a264,3,3
10f33da9-0e5a-40db-9b32-d0ffa89d8220,İHSANİYE,bd2215be-7c99-4132-8fdd-ef0e857ce616,3,3
7f00819e-5310-48ed-a403-983095a037c4,ŞALPAZARI,2facbd65-ca92-408e-ac53-516e60f468d7,3,3
7881d710-f635-4751-8815-1f896eb18496,FELAHİYE,44cdfe28-bdba-43a6-a500-186b456d814d,3,3
a1332d55-9441-45ce-8d02-ff6f20c398bd,SAPANCA,a87794ee-f7a8-40de-acb2-165add773634,3,3
b264fd8b-fe24-47e5-9a75-79d1aca4bf5b,ÇAT,5e5b9920-e84c-44ef-905a-cd31b3a66c44,3,3
51b5ea84-f872-4561-b1c7-9c64b8a95f12,HAZRO,5483513b-61a1-44f1-8f0d-173195a24fe7,3,3
e32bbfad-84af-4b96-8cfd-23949590fff0,EMİRGAZİ,4f36f744-5985-4605-b65a-a60f986d8197,3,3
81f185a1-94f8-44e8-bebe-fb7c4d6a2d62,DATÇA,8b7f8818-c1c7-4b6c-89c6-9427fdc92fd9,3,3
35661565-6fc2-4945-b704-06b21b649559,PÜTÜRGE,0eb06902-3df3-4bcc-9dfa-3a7c6e205e7a,3,3
ea13e6c8-bd00-4b0f-8a08-2d930ebe64a0,ÇEKEREK,790797ad-0a51-451a-a4a7-da9f2bfe1bb6,3,3
d588891e-ff08-42ac-bb01-c7c0cca5178f,KARAÇOBAN,5e5b9920-e84c-44ef-905a-cd31b3a66c44,3,3
a51f3aa9-b2aa-40fc-9617-59b28f1f7e43,KAZIMKARABEKİR,ed3b2e3c-2fe6-4d86-8e7f-8d484f63bf43,3,3
45a8e0a7-de5f-4415-9156-9795d4376208,KARAİSALI,f25d9ff9-f343-4a54-93e3-36180dbcab32,3,3
cf08c7df-ea21-4cf9-95b9-6ed576ac2cdf,GÜLAĞAÇ,9baa4aa1-0d76-42ff-be9b-b7a5b0955624,3,3
f19cdbd2-71f4-4d71-9eb6-dffaf4fea089,SÜLOĞLU,d14d349d-2daf-4639-9c66-53ddce02aeda,3,3
9e5e5669-4cd9-4340-bb9b-5d9ca525e051,ÇAMARDI,43c96813-0567-4760-a2b5-e9fa8e62764e,3,3
6ffc99a8-f09b-4947-a2d7-92ef4b844061,PAMUKOVA,a87794ee-f7a8-40de-acb2-165add773634,3,3
d3b065bd-f649-4d0c-836f-51ee7724e520,TEKKEKÖY,8f91f557-ab29-48d8-9ad6-38e0da9c88ec,3,3
8d960018-845c-462b-be4f-32ec678230a3,MERKEZ,4a28fa4d-2a2e-493c-b0d2-e75de996b3e6,3,3
b0b2710b-8986-46e1-a330-60a214d685ee,MURGUL,2385ddbd-89bf-46e8-96bd-30963a3391fc,3,3
0fdf7131-7783-40ce-8934-e92183993ac5,DİVRİĞİ,fa6946d4-b281-4cc5-a047-0b4b80a11268,3,3
b7ce1780-2efb-4a52-83a1-d56210f05fd2,MERKEZ,d14d349d-2daf-4639-9c66-53ddce02aeda,3,3
ba6e4505-3b72-4cfb-82ea-c6642d8ff998,ÇELTİK,4f36f744-5985-4605-b65a-a60f986d8197,3,3
28b550c3-6256-4d36-b1d3-7a5b9f81dce7,SALİHLİ,0fe5a765-5d86-407b-a18a-954507784c74,3,3
bba65048-c563-46da-9102-82f11e83d09b,ÇAMELİ,7a47e8c4-2981-41bf-a91b-83e769344b29,3,3
6835c1ce-d910-4d9e-b3b6-b66dded0824a,BEYTÜŞŞEBAP,1ff22d1d-8450-436f-8085-3b1fd140afa8,3,3
15497027-54dc-4e99-a5f6-ed5e6f2bbeec,HARRAN,f7f64f1d-072e-4db8-9908-894134524c69,3,3
f6a0b2fb-7471-495b-9d88-e961701d6c99,SARIÇAM,f25d9ff9-f343-4a54-93e3-36180dbcab32,3,3
96428ede-1837-4d13-b81b-f86c1132b7bb,ALACAKAYA,41038aca-97da-463f-a3da-dc26548adf36,3,3
c5802b60-36a3-49e4-bea4-f5b911bbc3f1,DÖŞEMEALTI,bb35b134-f081-4cb8-844b-0f60da38da06,3,3
3642ea6a-c94a-4b0f-b52f-c4adce389d36,GERCÜŞ,63990a9e-ab03-4cb3-b00e-bb93848896ca,3,3
33fd3a4b-14c9-4cfd-a61c-752ef3203822,BABAESKİ,3f087c0f-5039-4bf3-856a-afffcdaf592b,3,3
9b78ddc7-251e-4c91-844f-c564e8c31061,TERMAL,a921760b-c02c-4d06-9f64-2a75d69df689,3,3
da438e7c-f51c-43ff-81f1-db5bf6fec22c,BOLVADİN,bd2215be-7c99-4132-8fdd-ef0e857ce616,3,3
2ee096b9-0208-4e37-b245-67776d22529b,SİVRİCE,41038aca-97da-463f-a3da-dc26548adf36,3,3
c869a9df-0edb-40ac-a96c-2fce9fbdeead,KANDIRA,f883026a-09e0-44bd-af64-57ade8bab97b,3,3
64d4cfff-b804-49e9-b971-4e7d504af2f0,ÇARDAK,7a47e8c4-2981-41bf-a91b-83e769344b29,3,3
c9a350a2-3515-43eb-9276-9e9f59a521c8,GÜÇLÜKONAK,1ff22d1d-8450-436f-8085-3b1fd140afa8,3,3
f6d6ccfb-2980-456b-95bd-d7d5c635e978,ÇORLU,9c9e321e-663f-4cb4-8085-5facd464dc68,3,3
5a35cbfc-110b-4b68-b9fd-8005afc8f00b,PALANDÖKEN,5e5b9920-e84c-44ef-905a-cd31b3a66c44,3,3
e32b82d8-d587-4982-b07b-74a8ac760c62,REFAHİYE,0de21b17-01ce-4f56-8443-c600eee0900d,3,3
3f00a6ff-d636-4450-8285-10b29c9ca4c2,KALE,0eb06902-3df3-4bcc-9dfa-3a7c6e205e7a,3,3
d90ce2db-a488-48cd-8468-b1d50d2f73a2,ÇAYIRALAN,790797ad-0a51-451a-a4a7-da9f2bfe1bb6,3,3
b970abfa-4873-4b2d-b826-36943d68bf80,MERKEZ,924ffc59-57ef-4bc5-83f5-de469f35f5bd,3,3
4c20a43a-4c75-41d2-b392-14d125f2193b,HEMŞİN,4a28fa4d-2a2e-493c-b0d2-e75de996b3e6,3,3
a086014a-cda2-419b-8837-0f741191eca2,SERDİVAN,a87794ee-f7a8-40de-acb2-165add773634,3,3
7b0748c5-83a4-4f00-a9a4-9360a37941d6,BEŞİRİ,63990a9e-ab03-4cb3-b00e-bb93848896ca,3,3
81979904-09fa-4dd4-8beb-fc8a375cb465,İNEBOLU,4f3e05ac-e7fc-4a98-afd7-d817c36e9793,3,3
ccffd06c-ca90-4dc2-afca-f6c4e5c641d5,YAKUTİYE,5e5b9920-e84c-44ef-905a-cd31b3a66c44,3,3
f94b1643-b8a8-4537-9ee9-1fe75d6dd403,BALYA,8b88c606-15c7-487b-8d6d-26a36bd70b8c,3,3
7db806d5-d7a6-4fdb-845b-59f6084fd158,MUSABEYLİ,6a1721f9-d4aa-47d5-b93d-c7500eb46bda,3,3
aa527fb1-1f27-4e7f-94a1-225cfbbdd781,ERDEK,8b88c606-15c7-487b-8d6d-26a36bd70b8c,3,3
915f30dc-e763-408a-afdc-13791bc07c5e,KOVANCILAR,41038aca-97da-463f-a3da-dc26548adf36,3,3
6be57c10-c6c6-4157-86ff-ba6242256b68,ALACA,5655551f-a4f5-4921-b6a8-1399c5b8b71b,3,3
1dacc719-10e8-4a59-b210-c3b315432ded,NARMAN,5e5b9920-e84c-44ef-905a-cd31b3a66c44,3,3
b282cc7e-f637-4aca-959e-07b20912b038,BEŞİKDÜZÜ,2facbd65-ca92-408e-ac53-516e60f468d7,3,3
0a2cbf73-e89b-483e-838b-db4f29be93e6,SARIKAMIŞ,00e74a54-5fbc-4a58-a5fa-f395c1066b13,3,3
67551c7a-aa46-4069-bb9e-e3f073c633d9,BEYŞEHİR,4f36f744-5985-4605-b65a-a60f986d8197,3,3
0509b265-e0a5-418d-8d95-15d357b713b5,GÖLPAZARI,de2a8328-eb33-414a-937f-9d8282744536,3,3
e37f5985-6ffe-40d0-9428-7238090f3bb5,CEYHAN,f25d9ff9-f343-4a54-93e3-36180dbcab32,3,3
1b0f7df2-8a3f-4c0e-87d4-871932357c2b,AYRANCI,ed3b2e3c-2fe6-4d86-8e7f-8d484f63bf43,3,3
79d11dcb-2a1f-408f-9e6b-92022adec29b,ARPAÇAY,00e74a54-5fbc-4a58-a5fa-f395c1066b13,3,3
e3bf4485-e9e3-415a-a76f-b37e67b931b2,TUTAK,031f11b8-3980-4749-a4af-dcc46c317f72,3,3
8bb9ec87-2183-426a-b704-ba0930f55078,SÜLEYMANPAŞA,9c9e321e-663f-4cb4-8085-5facd464dc68,3,3
91574547-de52-46b8-9cbc-4b4f8b037ad1,NURDAĞI,ed75450b-02d0-4be1-9b67-a69da901b6bc,3,3
8506c64c-1be2-46ad-90d2-5a5f95ccb152,KALE,7a47e8c4-2981-41bf-a91b-83e769344b29,3,3
92cf1b7c-427b-462c-b437-e7818b75218e,BASKİL,41038aca-97da-463f-a3da-dc26548adf36,3,3
e9f2def3-1f85-45cd-ac1b-c5297a139a0f,DADAY,4f3e05ac-e7fc-4a98-afd7-d817c36e9793,3,3
5a1ba4a4-8451-4166-9c69-5657e8dee141,BAHŞILI,e00fd4e3-2d2a-4066-8069-06bda27d2fcb,3,3
91fcfed1-0d8b-46a8-bafe-c8f57c1497fe,HÜYÜK,4f36f744-5985-4605-b65a-a60f986d8197,3,3
4e055028-d990-440c-ae8d-ba4ad2aa5fd7,PAZARYERİ,de2a8328-eb33-414a-937f-9d8282744536,3,3
e7727a0a-b59a-4dd9-8bbb-3777cc1006d3,ANAMUR,44fbe18f-fb02-4d16-ba52-d6e03275541e,3,3
10c91a5d-75fe-42e3-adf5-c11e913755ba,ASARCIK,8f91f557-ab29-48d8-9ad6-38e0da9c88ec,3,3
66166fd0-904c-4fab-8fcf-6c42d3c5e3e7,BELEN,29cdfc6a-53fc-4673-a47e-8e53d64a0ac4,3,3
3e40931b-9291-4762-98ec-56a89775d439,ARDEŞEN,4a28fa4d-2a2e-493c-b0d2-e75de996b3e6,3,3
afde5ee4-2cae-4479-abb5-6d5ffd6994c4,MAÇKA,2facbd65-ca92-408e-ac53-516e60f468d7,3,3
2e6efce1-3276-4718-befa-9d1e0961f8f4,DERİK,006b7ca0-1c73-43fb-93d7-b7fef750c97a,3,3
125a6e97-1606-4164-aaa1-6d6d6f5ce21e,GÖLE,571c9fb2-5744-46ab-9509-9e96d067f9e7,3,3
e22ff264-fb37-4335-9496-36cdd0da3721,ORHANGAZİ,9b5965d9-4b44-49d4-a6ff-e98f61308229,3,3
1618d616-d6ca-4110-8800-5651ee74ae69,TUŞBA,9a9704a3-ac46-4dfb-89b2-2c582478650b,3,3
89a70fbf-49ae-4021-8dd4-2e60ca2f7205,MERKEZ,218f64ca-3609-4089-9e7c-642488652fbb,3,3
db55f747-4083-478e-98c7-11c12954fb1d,KOZLU,acd6ebfa-8ff9-4511-b1cf-835ca3b362a4,3,3
51d1a5af-aa2a-49c0-8ca2-9faadc4b0fe2,BAĞLAR,5483513b-61a1-44f1-8f0d-173195a24fe7,3,3
316f7eb9-594e-404e-b698-138ffd102a75,AYANCIK,3a65f91e-3637-476e-a40e-dda0b091a264,3,3
d8f1599a-79f8-4e7c-bc82-d6271d1ab061,GEYVE,a87794ee-f7a8-40de-acb2-165add773634,3,3
ded57741-199d-46a1-8f9d-48e4c1cdd621,ALTINDAĞ,6429b812-7c0f-4a22-8c2d-3d308a0c3f82,3,3
fa7c9eb0-ac07-4d1f-ae76-b031b85fbe4d,KIRKAĞAÇ,0fe5a765-5d86-407b-a18a-954507784c74,3,3
80c84df4-317d-4a40-a7bc-605da34db84b,ORTAHİSAR,2facbd65-ca92-408e-ac53-516e60f468d7,3,3
aeb901f7-870d-453f-aee3-1a8a30378b43,ESENLER,f68c97c5-2ea7-431e-8e4d-bc4a1118b62b,3,3
52371255-0827-40d0-ab0c-cbd96de3c89b,LALAPAŞA,d14d349d-2daf-4639-9c66-53ddce02aeda,3,3
5e074cc1-9a41-452c-bda7-48699d0323e0,DİLOVASI,f883026a-09e0-44bd-af64-57ade8bab97b,3,3
1f84405c-ea80-400d-b43b-5e39d63cc6c8,DOĞUBAYAZIT,031f11b8-3980-4749-a4af-dcc46c317f72,3,3
06c6c762-136a-4613-b446-7c92f02d5b6f,MALAZGİRT,8feb7f1c-b474-488d-b246-276ff423ce52,3,3
5c3daeb0-91e2-4e20-88a4-1e25ee6f3bf3,SENİRKENT,d43a7d97-ca36-4b01-b3c8-70fa357836cf,3,3
da40add9-8e79-42ee-a65d-744351baf3d8,ERFELEK,3a65f91e-3637-476e-a40e-dda0b091a264,3,3
8c40bd50-c525-4681-9c49-e57c1b85d87c,HOCALAR,bd2215be-7c99-4132-8fdd-ef0e857ce616,3,3
351b83e1-e46b-478e-9c80-07910cf991d9,SINDIRGI,8b88c606-15c7-487b-8d6d-26a36bd70b8c,3,3
c476c490-fbc0-43b8-a931-8c928a264c35,KARLIOVA,68837a9e-b016-4c8b-933e-5c279da5c295,3,3
bd335953-96a7-4558-ba05-eb3178ca8fa0,EZİNE,db4cfb7c-95be-4abc-948e-c5de57785d6b,3,3
fcaab932-bff9-4017-a883-73802b696008,ULAŞ,fa6946d4-b281-4cc5-a047-0b4b80a11268,3,3
9d48c5cb-16cb-45ac-a4b1-87498c38de41,MERKEZ,0de21b17-01ce-4f56-8443-c600eee0900d,3,3
a8b03684-f0b6-4f05-864b-203ee0b3f7b0,BAŞKALE,9a9704a3-ac46-4dfb-89b2-2c582478650b,3,3
84855c86-c7c1-4575-b7c7-a42c9e24a538,PAYAS,29cdfc6a-53fc-4673-a47e-8e53d64a0ac4,3,3
48b8d0fa-a215-4bf8-b29c-89448c2afa09,KURTALAN,12b486c0-a64b-4f4a-9c67-be7572242c83,3,3
2f7e5cc5-3b58-491a-891b-a8b00ac55a2d,FETHİYE,8b7f8818-c1c7-4b6c-89c6-9427fdc92fd9,3,3
9134fd32-b603-4924-9a63-eef1a6eab367,ARAPGİR,0eb06902-3df3-4bcc-9dfa-3a7c6e205e7a,3,3
e7db7a69-a69c-4edd-b8d9-0c71b0d92cbd,ŞARKİKARAAĞAÇ,d43a7d97-ca36-4b01-b3c8-70fa357836cf,3,3
d736b0af-8590-48b9-acf0-917702b8f372,İNHİSAR,de2a8328-eb33-414a-937f-9d8282744536,3,3
64dd8859-4fd5-4afa-bf10-c2512423098b,KÖRFEZ,f883026a-09e0-44bd-af64-57ade8bab97b,3,3
4c40bc86-c972-4db5-89d1-dbd8e2bc7ab5,KARAPINAR,4f36f744-5985-4605-b65a-a60f986d8197,3,3
5e16820b-178b-4146-9bec-8435e80600a5,HAFİK,fa6946d4-b281-4cc5-a047-0b4b80a11268,3,3
8ff30de2-ccb0-4b00-8a99-13f4ae33e209,BOZCAADA,db4cfb7c-95be-4abc-948e-c5de57785d6b,3,3
f1117a9b-34da-49c8-b0e9-a8d6497c3981,MENDERES,5f83fa90-a3e1-44ca-84e2-18c5c531c200,3,3
aa9629f1-fe5c-4599-b562-88bb32621f14,ERZİN,29cdfc6a-53fc-4673-a47e-8e53d64a0ac4,3,3
7fc0915a-75cf-4cf7-b3fd-4dad2c387d6d,YENİÇAĞA,e414f007-372a-4eb4-8528-96f4472b0abf,3,3
bac903b8-113b-4934-91d0-56b5fdc90502,AKSEKİ,bb35b134-f081-4cb8-844b-0f60da38da06,3,3
a63ff9ba-db22-4e98-8ece-a1655d66665f,ALTINEKİN,4f36f744-5985-4605-b65a-a60f986d8197,3,3
21d87b7b-b04f-40d9-a17d-d65602621a08,ÜZÜMLÜ,0de21b17-01ce-4f56-8443-c600eee0900d,3,3
4b22e6e5-05ed-4c46-8c8e-c28fb85ea595,KAĞITHANE,f68c97c5-2ea7-431e-8e4d-bc4a1118b62b,3,3
06fa0c95-1d03-4383-a799-dfdd85e97857,KONYAALTI,bb35b134-f081-4cb8-844b-0f60da38da06,3,3
4b7fe711-2326-464a-bc4d-9e23aca1db01,MERKEZ,43c96813-0567-4760-a2b5-e9fa8e62764e,3,3
73d36f6b-c8b7-41e8-ab46-f926f5725099,DOĞANYOL,0eb06902-3df3-4bcc-9dfa-3a7c6e205e7a,3,3
fd8a6f6a-770b-43e1-8fd9-cf3ab0dac8ae,PATNOS,031f11b8-3980-4749-a4af-dcc46c317f72,3,3
8280eacd-3d0e-4c8f-ae8a-1da505df6b78,ALTINYAYLA,218f64ca-3609-4089-9e7c-642488652fbb,3,3
666e8663-2241-4223-b194-9e12fec0155b,SOMA,0fe5a765-5d86-407b-a18a-954507784c74,3,3
a50e211d-6797-4044-bb82-003748b41d2d,TOMARZA,44cdfe28-bdba-43a6-a500-186b456d814d,3,3
e76cd67a-4145-4eb5-adf6-67cdbbf7ca4f,ARİFİYE,a87794ee-f7a8-40de-acb2-165add773634,3,3
853159fd-da18-4e33-a20e-0585f8cdd9ac,BOZÜYÜK,de2a8328-eb33-414a-937f-9d8282744536,3,3
87299a88-2acb-440a-ae8b-7d5a973711e5,BULANCAK,3232c980-5404-4060-b18c-fa745df09751,3,3
f421b92e-49fc-4448-a511-9bf5e775f0c0,AKYURT,6429b812-7c0f-4a22-8c2d-3d308a0c3f82,3,3
a2b6a438-4204-428a-845a-9ce1af964a5e,AĞIN,41038aca-97da-463f-a3da-dc26548adf36,3,3
b7fe2bd4-a67d-4581-9ee6-fa3062a91356,AZİZİYE,5e5b9920-e84c-44ef-905a-cd31b3a66c44,3,3
e83f5247-44f8-4d1e-a1c6-2ec61165348e,EREĞLİ,4f36f744-5985-4605-b65a-a60f986d8197,3,3
a84d7e64-f95d-4f3b-872f-826a8f976018,ŞEHZADELER,0fe5a765-5d86-407b-a18a-954507784c74,3,3
85b4d0b1-6a75-466f-be80-89425f534825,MERKEZ,e414f007-372a-4eb4-8528-96f4472b0abf,3,3
a6eb710e-b5bd-4bae-97ae-41930f7bd001,YUNAK,4f36f744-5985-4605-b65a-a60f986d8197,3,3
3cbc88e5-c92e-4460-956b-3a9ff05640c0,YUMURTALIK,f25d9ff9-f343-4a54-93e3-36180dbcab32,3,3
1da5fd18-6675-425a-9a1f-d0c4e88b6260,NAZİLLİ,24bc317b-2ed3-4944-b83e-c59253b5c058,3,3
460c9acc-eaa5-47a0-9fa7-e60ede98a1ad,YEŞİLYURT,fb3852b5-0780-407c-bd0f-da2d0109465c,3,3
17980794-99df-41ae-852b-8acbd69ab06d,YAPRAKLI,9433f841-d4dc-4754-bdf5-3ed5736bbb8e,3,3
7dc58d3f-16df-4b0c-a5d3-1d4b70988542,MARMARAEREĞLİSİ,9c9e321e-663f-4cb4-8085-5facd464dc68,3,3
7dc79856-4f99-4913-af5d-cb1263280b76,AYVACIK,8f91f557-ab29-48d8-9ad6-38e0da9c88ec,3,3
d7ed5c2c-e8ab-4657-a005-8e8b4ec2f1a1,GÜLNAR,44fbe18f-fb02-4d16-ba52-d6e03275541e,3,3
e88f4b58-e0fe-4122-a5e8-868a038395c8,ÇERMİK,5483513b-61a1-44f1-8f0d-173195a24fe7,3,3
17e9fa91-6abf-465a-9443-6bfc9f38fb57,DİKİLİ,5f83fa90-a3e1-44ca-84e2-18c5c531c200,3,3
d21b7a6d-ceff-4471-9a5a-c4f5746866eb,İPEKYOLU,9a9704a3-ac46-4dfb-89b2-2c582478650b,3,3
ed260fde-3e7b-4181-a895-b7bceffbe97d,MERKEZ,6a1721f9-d4aa-47d5-b93d-c7500eb46bda,3,3
39b30dee-3ccb-4a3c-bfb5-0d34cdc564f5,KÖSE,924ffc59-57ef-4bc5-83f5-de469f35f5bd,3,3
dd4dc73d-b1a9-48f0-8d9b-9efeceb63104,KADINHANI,4f36f744-5985-4605-b65a-a60f986d8197,3,3
163f1161-f97f-4dbb-b40b-453bb093302f,EĞİRDİR,d43a7d97-ca36-4b01-b3c8-70fa357836cf,3,3
acee0c47-261b-4113-b2e3-921fa22e7791,SELÇUKLU,4f36f744-5985-4605-b65a-a60f986d8197,3,3
868389ce-e77b-45d5-97a4-5a20391ae03c,KAHRAMANKAZAN,6429b812-7c0f-4a22-8c2d-3d308a0c3f82,3,3
b5eddc86-e0e1-40fd-acee-ad7547ba88c9,KABADÜZ,162397e6-3942-45a2-aa9b-4ec912f86c0f,3,3
4aaa12cb-c2fe-44f3-ba88-0fc8a5284124,LADİK,8f91f557-ab29-48d8-9ad6-38e0da9c88ec,3,3
558fe238-cfc6-4ca0-9c51-bcd8a9bef80e,SULTANDAĞI,bd2215be-7c99-4132-8fdd-ef0e857ce616,3,3
b4c365dc-dcc1-4113-a5f8-7257da2285af,SULTANHANI,9baa4aa1-0d76-42ff-be9b-b7a5b0955624,3,3
f32d3811-94e5-4fbc-87bb-371e0a5a7b75,ONİKİŞUBAT,34dbd6d4-c49b-4f8b-8b4c-f34456e0cdab,3,3
86336dad-830d-4a35-9617-88b6284fee66,MERKEZ,12b486c0-a64b-4f4a-9c67-be7572242c83,3,3
bd71ec6a-8abe-49a8-acb6-18c10887ef1d,BEYKOZ,f68c97c5-2ea7-431e-8e4d-bc4a1118b62b,3,3
c90b5632-835e-4ec4-a610-eca94c01265b,BOĞAZLIYAN,790797ad-0a51-451a-a4a7-da9f2bfe1bb6,3,3
ba9240fe-99d6-4e0d-b49c-716a4207a294,FOÇA,5f83fa90-a3e1-44ca-84e2-18c5c531c200,3,3
1c3a98ce-50ab-4e78-a9c9-194be5922d6f,KEMALİYE,0de21b17-01ce-4f56-8443-c600eee0900d,3,3
aa2a466a-79d1-4453-b663-bf0e1a48336c,KULP,5483513b-61a1-44f1-8f0d-173195a24fe7,3,3
91adba29-54f9-477c-b69f-ddabda8bd3ef,YERKÖY,790797ad-0a51-451a-a4a7-da9f2bfe1bb6,3,3
db4a810a-d006-4b06-b0e9-f73500ef927b,DİNAR,bd2215be-7c99-4132-8fdd-ef0e857ce616,3,3
e6b66304-a530-4c8d-93c2-8f42d5886724,ÇAYBAŞI,162397e6-3942-45a2-aa9b-4ec912f86c0f,3,3
47d4ee58-2a01-4db4-b80b-ee8117e539de,YENİFAKILI,790797ad-0a51-451a-a4a7-da9f2bfe1bb6,3,3
3af71dd7-4df8-40a8-a1e7-a2fefe55387c,GAZİEMİR,5f83fa90-a3e1-44ca-84e2-18c5c531c200,3,3
31460c58-50a7-48ce-96d9-1af690302a61,HAMAMÖZÜ,3a2598ff-e30b-4e00-aac2-d7764f4475b6,3,3
dfacfe5e-79d0-4532-964f-e946f731a2f0,BOZTEPE,e122d251-ff23-495c-92fa-d1f36f10028d,3,3
df32f285-bb1f-4d2f-bab7-6e9d934f7510,MAMAK,6429b812-7c0f-4a22-8c2d-3d308a0c3f82,3,3
b8bc2133-23f0-4e92-9f1c-2fa8a6451a72,PERVARİ,12b486c0-a64b-4f4a-9c67-be7572242c83,3,3
70a7c721-6b9d-4148-bbc7-50aab54b2440,GÜMÜŞHACIKÖY,3a2598ff-e30b-4e00-aac2-d7764f4475b6,3,3
2f5210bc-7ada-4bd2-a0a2-a671349fc03b,ODUNPAZARI,ef30a7f2-0bd1-470a-acd8-3136a7109af2,3,3
c7bce0ad-8f86-4593-a310-7d27862828a1,KORGUN,9433f841-d4dc-4754-bdf5-3ed5736bbb8e,3,3
0adaf558-7abb-4e01-8bea-d0ae9b753a40,ÇAY,bd2215be-7c99-4132-8fdd-ef0e857ce616,3,3
a36ae5a4-6060-4af2-ae3f-761fb3f16aaa,ULUBORLU,d43a7d97-ca36-4b01-b3c8-70fa357836cf,3,3
3d83f57d-3d26-46a8-803d-d46ad91286ac,MERKEZ,82fe070e-7f4b-4c08-a627-64979612ddc0,3,3
92e691fc-9666-41e4-b9b0-b140e7b8fba8,ATKARACALAR,9433f841-d4dc-4754-bdf5-3ed5736bbb8e,3,3
80b3ef2c-1e85-439c-a65c-6841bf2d92f6,MERKEZ,41038aca-97da-463f-a3da-dc26548adf36,3,3
a188173d-13a7-4184-bbf5-c9e67358fbf0,KÖPRÜKÖY,5e5b9920-e84c-44ef-905a-cd31b3a66c44,3,3
dbd4ba3b-7a1c-4ec3-b4c4-eb62d52c1bb6,KADIŞEHRİ,790797ad-0a51-451a-a4a7-da9f2bfe1bb6,3,3
b5029649-f7be-4883-a1f5-986f933e986a,PURSAKLAR,6429b812-7c0f-4a22-8c2d-3d308a0c3f82,3,3
870709bb-6aae-4d2f-9a20-edf7713911c6,BAYKAN,12b486c0-a64b-4f4a-9c67-be7572242c83,3,3
96b6bac2-c576-434a-8888-c4b25962081d,GELENDOST,d43a7d97-ca36-4b01-b3c8-70fa357836cf,3,3
e87adcc7-8af4-453f-98ac-d261dae10e25,ARAÇ,4f3e05ac-e7fc-4a98-afd7-d817c36e9793,3,3
4c67b77b-c82b-4319-9642-e79a40637189,DERBENT,4f36f744-5985-4605-b65a-a60f986d8197,3,3
c15ed726-7dec-46f1-abf8-b0d0a8262704,GEDİZ,4fd7e41e-3234-40c2-bec0-3c33f6d13bca,3,3
34cb7f99-1574-458d-9a14-b1fe5d7a9536,MERKEZ,9baa4aa1-0d76-42ff-be9b-b7a5b0955624,3,3
4ee418fd-899e-4bf3-b5fd-e447b9ca72c1,MERKEZ,38535176-c8b2-4baa-a100-072505be3e76,3,3
f933bdc2-69e0-464b-aa43-2944d9b06a35,ULUKIŞLA,43c96813-0567-4760-a2b5-e9fa8e62764e,3,3
00c90b52-3e93-489d-b771-acfa7abaff4b,DARENDE,0eb06902-3df3-4bcc-9dfa-3a7c6e205e7a,3,3
b8058fea-28b3-4d11-99e6-231c20c644a9,ŞEMDİNLİ,440c7b36-fdf8-44ae-9083-523d44298079,3,3
514a03f3-12c8-4346-ac4f-ea2c7724062c,MENGEN,e414f007-372a-4eb4-8528-96f4472b0abf,3,3
dc1a444b-d696-4158-bea4-1715265729be,GEBZE,f883026a-09e0-44bd-af64-57ade8bab97b,3,3
a3eabe61-a424-4202-861f-3ecf67b9fc08,DODURGA,5655551f-a4f5-4921-b6a8-1399c5b8b71b,3,3
265614a5-ea20-4ca7-a73c-48fea5ba0a14,KALECİK,6429b812-7c0f-4a22-8c2d-3d308a0c3f82,3,3
c0b06b22-ba45-4a94-a18a-83a55353fc66,DOMANİÇ,4fd7e41e-3234-40c2-bec0-3c33f6d13bca,3,3
a8c3e663-5371-4e3c-bfe4-4f90b8f8f595,HANAK,571c9fb2-5744-46ab-9509-9e96d067f9e7,3,3
d4f3d80f-e9ed-4e92-b111-22c152fe9c06,ENEZ,d14d349d-2daf-4639-9c66-53ddce02aeda,3,3
d462c59c-244e-472d-a664-832d16de98a3,KARACASU,24bc317b-2ed3-4944-b83e-c59253b5c058,3,3
ccbcf54e-b6eb-4368-92a4-5b2621c2c9bf,ÇİVRİL,7a47e8c4-2981-41bf-a91b-83e769344b29,3,3
e097a94a-a639-4951-b931-cd4d399166ab,AYAŞ,6429b812-7c0f-4a22-8c2d-3d308a0c3f82,3,3
f45caf70-4278-4ee2-8f96-3c5662fb69ec,SORGUN,790797ad-0a51-451a-a4a7-da9f2bfe1bb6,3,3
05c61425-f6fa-473b-94c8-c4a2a04b12d1,MERKEZ,dda5c4bd-079d-49aa-af3f-5146056fba1d,3,3
aa125d4b-3900-4a31-b679-700ca9388988,KEMER,bb35b134-f081-4cb8-844b-0f60da38da06,3,3
1d13c638-8a51-4d43-8dad-fba5ef4a7e49,İNÖNÜ,ef30a7f2-0bd1-470a-acd8-3136a7109af2,3,3
4141a017-48f6-41e6-b6e1-f16dfbac9a32,SULUSARAY,fb3852b5-0780-407c-bd0f-da2d0109465c,3,3
bcc0466b-5fbd-4ed5-8362-e4711e68e9a7,KEBAN,41038aca-97da-463f-a3da-dc26548adf36,3,3
6bfef398-11bd-414b-baf4-a8a69a8b23c7,OSMANCIK,5655551f-a4f5-4921-b6a8-1399c5b8b71b,3,3
41e53c3b-dba4-420b-8c5f-ccd5ba1d0aa4,SÖĞÜT,de2a8328-eb33-414a-937f-9d8282744536,3,3
c5b7f910-29be-4253-8d03-5c3afb20d3a2,MERKEZ,e122d251-ff23-495c-92fa-d1f36f10028d,3,3
6c747b17-81c9-4d36-adc3-b60f2df70bce,GÜLŞEHİR,69f57ea2-fba7-4fe1-9a3e-2c04515584de,3,3
6d42395d-df7a-45df-81aa-5637b1ec1775,ÖZALP,9a9704a3-ac46-4dfb-89b2-2c582478650b,3,3
3c014598-c739-4130-a2fb-b2b4b5e0bec7,HAYRABOLU,9c9e321e-663f-4cb4-8085-5facd464dc68,3,3
835f1598-5604-4b4a-b93e-b7ddde594d6f,TOSYA,4f3e05ac-e7fc-4a98-afd7-d817c36e9793,3,3
72b27b5d-ba31-4ada-aa22-876480700ff8,ALAÇAM,8f91f557-ab29-48d8-9ad6-38e0da9c88ec,3,3
2d943934-3b64-4d60-a202-1b0644486a99,HEKİMHAN,0eb06902-3df3-4bcc-9dfa-3a7c6e205e7a,3,3
27bb252c-adcd-4f08-9272-b2f4a0ff706c,ARSİN,2facbd65-ca92-408e-ac53-516e60f468d7,3,3
5adb05ef-7fbd-4b8f-bf36-29a9fa011ccc,BATTALGAZİ,0eb06902-3df3-4bcc-9dfa-3a7c6e205e7a,3,3
fe304389-dd59-4051-85a0-dc2421b6fbde,MERKEZ,1ff22d1d-8450-436f-8085-3b1fd140afa8,3,3
7dcb951a-2514-42ef-9de4-5e2a8dc5e8db,YENİMAHALLE,6429b812-7c0f-4a22-8c2d-3d308a0c3f82,3,3
131665e0-3a0b-4a19-aed0-e500fbf3d07c,GÖKÇEADA,db4cfb7c-95be-4abc-948e-c5de57785d6b,3,3
9ecd88f8-dce4-4ca1-855f-7ab4625bbb38,MURADİYE,9a9704a3-ac46-4dfb-89b2-2c582478650b,3,3
1e7006f3-b729-400f-9890-318507f1932d,DİYADİN,031f11b8-3980-4749-a4af-dcc46c317f72,3,3
63c6c926-6e30-4991-8ad2-de493d4eca1f,ÇATALZEYTİN,4f3e05ac-e7fc-4a98-afd7-d817c36e9793,3,3
16a90c52-8933-4e38-b6ff-9aef01d29ca6,KUŞADASI,24bc317b-2ed3-4944-b83e-c59253b5c058,3,3
e92afbd5-3aa4-4c77-ae4f-740e331d9226,EKİNÖZÜ,34dbd6d4-c49b-4f8b-8b4c-f34456e0cdab,3,3
3626bc2c-014a-412c-be5d-895045350c62,BANDIRMA,8b88c606-15c7-487b-8d6d-26a36bd70b8c,3,3
7597633a-b1e6-41df-8a4f-0f9cac1f6c77,KULU,4f36f744-5985-4605-b65a-a60f986d8197,3,3
4a11fed3-f0cc-4a94-961e-a482df6275e6,SİVEREK,f7f64f1d-072e-4db8-9908-894134524c69,3,3
f3c4ea59-9c1c-4b03-8a35-d1f0dfbfcdf0,KAŞ,bb35b134-f081-4cb8-844b-0f60da38da06,3,3
e64a65bc-1021-4711-bd6c-cfe55c3b9660,TAVAS,7a47e8c4-2981-41bf-a91b-83e769344b29,3,3
199b65e1-a164-4840-a7b7-daea9c1d8cbf,SEYDİKEMER,8b7f8818-c1c7-4b6c-89c6-9427fdc92fd9,3,3
e1d5489c-0fdf-4fb4-8d9e-bd6e97837238,ORTAKÖY,9baa4aa1-0d76-42ff-be9b-b7a5b0955624,3,3
da752ff9-af12-42b3-a567-f9984b40c16d,GÜNGÖREN,f68c97c5-2ea7-431e-8e4d-bc4a1118b62b,3,3
58b6f4af-fab7-489b-bcda-c5a913d2b553,KAVAK,8f91f557-ab29-48d8-9ad6-38e0da9c88ec,3,3
1329b15c-cb2d-49f1-b914-9e3c70bb8e46,GÜRÜN,fa6946d4-b281-4cc5-a047-0b4b80a11268,3,3
b570caa2-667a-460f-8ee9-78936bd125d7,ADALAR,f68c97c5-2ea7-431e-8e4d-bc4a1118b62b,3,3
d4efcfa3-a9b7-43a2-be41-65cce256d204,AKDENİZ,44fbe18f-fb02-4d16-ba52-d6e03275541e,3,3
68fe597f-1bab-4124-98ef-1d2859723bf3,BEYOĞLU,f68c97c5-2ea7-431e-8e4d-bc4a1118b62b,3,3
dda6493f-282e-4d2b-a006-965fd1677315,BİSMİL,5483513b-61a1-44f1-8f0d-173195a24fe7,3,3
91621f94-7400-4272-b661-399c6e105c62,TURGUTLU,0fe5a765-5d86-407b-a18a-954507784c74,3,3
f356a12d-b204-4374-81d5-fa22cf754dde,ÇEMİŞGEZEK,aa0ea380-90b7-4a2b-b0a0-fea002269c26,3,3
86a0a34a-65f3-4d84-b927-7426a5f6f2ac,MERKEZ,e00fd4e3-2d2a-4066-8069-06bda27d2fcb,3,3
38d56c50-af2e-4bc0-b2aa-ac82a2a2eec6,BAKLAN,7a47e8c4-2981-41bf-a91b-83e769344b29,3,3
9a7efc68-d639-4567-b9d7-1c78487b0574,ÇAYIRLI,0de21b17-01ce-4f56-8443-c600eee0900d,3,3
e14de2b9-3da8-46e1-a867-2d06c88e6163,AKÇAABAT,2facbd65-ca92-408e-ac53-516e60f468d7,3,3
7b578dea-20ac-4cbe-b530-6f9bef23a4a5,MECİTÖZÜ,5655551f-a4f5-4921-b6a8-1399c5b8b71b,3,3
262d00e1-651a-47bb-bfef-efa648150f1a,ARGUVAN,0eb06902-3df3-4bcc-9dfa-3a7c6e205e7a,3,3
303ae13b-1052-40a5-9fbd-f04d38e8b05f,KADIKÖY,f68c97c5-2ea7-431e-8e4d-bc4a1118b62b,3,3
06d08e66-c412-44d0-a6a1-e3ad384ec512,SASON,63990a9e-ab03-4cb3-b00e-bb93848896ca,3,3
df9afc8d-9d80-472d-aa37-42cfdf61ff2f,BALIŞEYH,e00fd4e3-2d2a-4066-8069-06bda27d2fcb,3,3
b00f5264-10f6-41cd-8004-5ddbe903fcd1,DEREBUCAK,4f36f744-5985-4605-b65a-a60f986d8197,3,3
fe9e9582-6b66-4d0b-b4d8-38dd4cfa0dd9,BAŞYAYLA,ed3b2e3c-2fe6-4d86-8e7f-8d484f63bf43,3,3
cb382575-0a09-4cbd-9a8c-c521859ebe32,ULUS,dda5c4bd-079d-49aa-af3f-5146056fba1d,3,3
69a027da-5d9e-4946-bd9c-daa3107184f1,NALLIHAN,6429b812-7c0f-4a22-8c2d-3d308a0c3f82,3,3
6f2095a7-e0be-4fd4-a8fb-c0917c8fa0e7,MİHALIÇÇIK,ef30a7f2-0bd1-470a-acd8-3136a7109af2,3,3
368f420b-7323-4e0a-a42b-25c0d25cb330,İZMİT,f883026a-09e0-44bd-af64-57ade8bab97b,3,3
68013834-9521-4239-ab74-25560765eb62,BEYDAĞ,5f83fa90-a3e1-44ca-84e2-18c5c531c200,3,3
8c693484-4687-4aa8-b80f-7157223f1f47,HANİ,5483513b-61a1-44f1-8f0d-173195a24fe7,3,3
f4e7b7ac-8368-4a6b-95b3-c601e298435f,TERME,8f91f557-ab29-48d8-9ad6-38e0da9c88ec,3,3
f6bf2789-73d1-44c0-923f-8a293c1db623,KÜÇÜKÇEKMECE,f68c97c5-2ea7-431e-8e4d-bc4a1118b62b,3,3
3a9576e4-879b-4e56-802c-4b063018529c,YENİŞEHİR,44fbe18f-fb02-4d16-ba52-d6e03275541e,3,3
fd854c20-c074-48c2-a65e-2c6300ba74f9,KİRAZ,5f83fa90-a3e1-44ca-84e2-18c5c531c200,3,3
74454c11-8315-43d9-afa8-7b26a4f61911,HADİM,4f36f744-5985-4605-b65a-a60f986d8197,3,3
c0283a3d-81ca-4cb1-9cd1-ad962c39dc53,KARTEPE,f883026a-09e0-44bd-af64-57ade8bab97b,3,3
207e2e0f-26f2-447c-98eb-44fa72999b64,CİHANBEYLİ,4f36f744-5985-4605-b65a-a60f986d8197,3,3
da93b73a-2d81-4c76-b458-66b202e01ae0,SİNCİK,b2146e95-c44b-4684-9240-7a8af672cca6,3,3
e5674ea3-9866-46ac-a87d-c43b70d4362e,ATAKUM,8f91f557-ab29-48d8-9ad6-38e0da9c88ec,3,3
116349ca-8d9e-460c-9947-73ae2894cfb4,CUMAYERİ,e235fae1-2bde-4a17-82af-c80e1622b452,3,3
3e8b67d5-a545-44b2-8741-d113ec00f2ad,YENİŞEHİR,9b5965d9-4b44-49d4-a6ff-e98f61308229,3,3
db5d7ba5-9c43-4a75-8515-9d32236d3dd5,DOĞANHİSAR,4f36f744-5985-4605-b65a-a60f986d8197,3,3
b0f2c15f-7818-4810-97f4-4e41633f318e,HAYRAT,2facbd65-ca92-408e-ac53-516e60f468d7,3,3
779c85b1-1a9f-45cf-8d05-44365ab7b14f,TORUL,924ffc59-57ef-4bc5-83f5-de469f35f5bd,3,3
78db56f2-48b1-4d9e-b410-6a68d2ddb53f,GÜZELYURT,9baa4aa1-0d76-42ff-be9b-b7a5b0955624,3,3
5aa76287-b91b-43df-b3ed-c92b2b8cad96,FERİZLİ,a87794ee-f7a8-40de-acb2-165add773634,3,3
8d951b04-e9f9-4ee7-82fd-80841e92d21e,SARAYKENT,790797ad-0a51-451a-a4a7-da9f2bfe1bb6,3,3
58c78053-abd9-4639-a732-0050e97dc8e8,KEMAH,0de21b17-01ce-4f56-8443-c600eee0900d,3,3
29fb6f22-e37c-4da8-8f46-cca4c6952de8,İLKADIM,8f91f557-ab29-48d8-9ad6-38e0da9c88ec,3,3
d26b5378-1f2f-45dd-aabc-7faa42b99f9e,REŞADİYE,fb3852b5-0780-407c-bd0f-da2d0109465c,3,3
6ebc5fd0-6c2a-42c2-87a8-ac48ed881369,HASANBEYLİ,d71b357d-c159-4a3d-b0c4-bfb875b86a78,3,3
5b5ca7df-5bd3-4af3-b820-ba73a3135b36,KUMLU,29cdfc6a-53fc-4673-a47e-8e53d64a0ac4,3,3
a5baf3de-3773-42d9-b994-75cecab2eabb,MİHALGAZİ,ef30a7f2-0bd1-470a-acd8-3136a7109af2,3,3
dd1856a8-54da-4879-8d9b-ebfaa577488b,SARUHANLI,0fe5a765-5d86-407b-a18a-954507784c74,3,3
5703a7ca-d363-4794-af10-fabe024b7ad5,MERKEZ,d43a7d97-ca36-4b01-b3c8-70fa357836cf,3,3
8395806b-e70d-44dc-a090-9f1101c2d8ea,ARSUZ,29cdfc6a-53fc-4673-a47e-8e53d64a0ac4,3,3
e6a92e7a-2cef-4914-89cd-7497b4d41b47,ÇILDIR,571c9fb2-5744-46ab-9509-9e96d067f9e7,3,3
28df1fd5-1bac-41da-aec1-797a4ebee8b7,MADEN,41038aca-97da-463f-a3da-dc26548adf36,3,3
c60b25f6-f6ba-4907-84c8-a33a4c8257c2,MAHMUDİYE,ef30a7f2-0bd1-470a-acd8-3136a7109af2,3,3
e144f9c3-f3ff-415f-8322-0ca2e3b4e031,BOZKURT,7a47e8c4-2981-41bf-a91b-83e769344b29,3,3
af23ecac-ae84-4ffb-90ea-695afbed07f5,ECEABAT,db4cfb7c-95be-4abc-948e-c5de57785d6b,3,3
74a40b55-4ee5-4267-9ced-61cb0f193227,KIRIKHAN,29cdfc6a-53fc-4673-a47e-8e53d64a0ac4,3,3
135a0d6e-43a7-4ea0-8365-cb04ed2c5fa6,ŞEHİTKAMİL,ed75450b-02d0-4be1-9b67-a69da901b6bc,3,3
64b84016-0411-41f2-b496-cadce00499ff,ÖZVATAN,44cdfe28-bdba-43a6-a500-186b456d814d,3,3
afa1b725-cd6f-48f5-93ea-ccfb9af9590c,YENİCE,db4cfb7c-95be-4abc-948e-c5de57785d6b,3,3
66159fe8-b22c-4128-82dc-7def13c9b5d7,ORTAKÖY,5655551f-a4f5-4921-b6a8-1399c5b8b71b,3,3
0448c929-715a-4687-9edd-655f40870967,DURAĞAN,3a65f91e-3637-476e-a40e-dda0b091a264,3,3
e029e70e-093e-44f0-8d1d-446ef9717d6b,SUSUZ,00e74a54-5fbc-4a58-a5fa-f395c1066b13,3,3
605f4f49-7bdc-4265-b9ea-3643ab86fc80,ÇEŞME,5f83fa90-a3e1-44ca-84e2-18c5c531c200,3,3
82d54ff2-2b04-4456-b160-847bf3d1e946,ÇİFTLİKKÖY,a921760b-c02c-4d06-9f64-2a75d69df689,3,3
3d601b7c-fcc3-445f-a90b-78882b05e6e6,ÇUMRA,4f36f744-5985-4605-b65a-a60f986d8197,3,3
3ca175b7-4406-41cb-b38c-6f21705e0f20,ARMUTLU,a921760b-c02c-4d06-9f64-2a75d69df689,3,3
3f990858-2f2d-4537-8bf2-e945813ee1bb,SARIOĞLAN,44cdfe28-bdba-43a6-a500-186b456d814d,3,3
2d70e633-e71d-4c0a-a079-91987ecd2f70,KÖYCEĞİZ,8b7f8818-c1c7-4b6c-89c6-9427fdc92fd9,3,3
6a7a628a-13aa-4271-aab4-4e7c31fbb5f1,ÜSKÜDAR,f68c97c5-2ea7-431e-8e4d-bc4a1118b62b,3,3
439af792-300c-4a16-8931-ca0fd1074e35,TARAKLI,a87794ee-f7a8-40de-acb2-165add773634,3,3
8d15d9db-4784-431c-ac0a-f4e967cb08bf,BİGADİÇ,8b88c606-15c7-487b-8d6d-26a36bd70b8c,3,3
bae21dc1-d8ce-4455-bb94-b4d6c2dc9460,GERMENCİK,24bc317b-2ed3-4944-b83e-c59253b5c058,3,3
cc489411-ca81-42e5-900b-d02f57abc184,MERKEZ,93be93aa-0410-498d-b1c6-8345ee73417d,3,3
4db3fe80-68cd-4fea-95c2-378d43170bef,ÇUBUK,6429b812-7c0f-4a22-8c2d-3d308a0c3f82,3,3
e372070f-01f1-4143-9433-cede17355172,KİLİMLİ,acd6ebfa-8ff9-4511-b1cf-835ca3b362a4,3,3
446538c4-86e9-45d3-806a-3eb8676c8833,KARASU,a87794ee-f7a8-40de-acb2-165add773634,3,3
fcca11c7-32d1-4208-8beb-c96e6e50ac5a,SİVRİHİSAR,ef30a7f2-0bd1-470a-acd8-3136a7109af2,3,3
00746ae2-5752-4185-b112-cceed2a5f1c9,KOZAKLI,69f57ea2-fba7-4fe1-9a3e-2c04515584de,3,3
48269dc8-6bbb-4646-a69c-3af3d1ab2729,KAYNARCA,a87794ee-f7a8-40de-acb2-165add773634,3,3
fab4b809-b1b5-44f4-a85a-b6473e11eb62,BURHANİYE,8b88c606-15c7-487b-8d6d-26a36bd70b8c,3,3
bd7466d8-5496-425a-98ce-a7246d29196b,CANİK,8f91f557-ab29-48d8-9ad6-38e0da9c88ec,3,3
8d1ecad8-a854-4a23-98fd-4d447d721cee,ŞEFAATLİ,790797ad-0a51-451a-a4a7-da9f2bfe1bb6,3,3
53aac4e2-971f-48be-a025-6f95e1e19716,KADİRLİ,d71b357d-c159-4a3d-b0c4-bfb875b86a78,3,3
605e7696-5244-4218-9b06-e4b9d816e0cf,OVACIK,7e1a2f38-0110-4d83-9828-06b50510f925,3,3
c3b82489-767d-4319-8389-44ad33be1e00,FATİH,f68c97c5-2ea7-431e-8e4d-bc4a1118b62b,3,3
9fed732b-53e4-42de-b054-7d1cf3f4e63f,KARATAŞ,f25d9ff9-f343-4a54-93e3-36180dbcab32,3,3
7d238af8-89e4-4b51-aaaa-ce27c0ec8c5d,GÖLYAKA,e235fae1-2bde-4a17-82af-c80e1622b452,3,3
2361592e-def5-48e7-9f2b-0d0d7f4ae0fc,AKSU,bb35b134-f081-4cb8-844b-0f60da38da06,3,3
8c6a9541-887e-4d4d-b3bf-4aac08ea68d2,ACIPAYAM,7a47e8c4-2981-41bf-a91b-83e769344b29,3,3
4281002e-e8d2-4f67-83f3-13e0e5e15a03,BEYLİKDÜZÜ,f68c97c5-2ea7-431e-8e4d-bc4a1118b62b,3,3
4f618013-b459-4c2d-9a2b-0fe1e78cb48f,AKÖREN,4f36f744-5985-4605-b65a-a60f986d8197,3,3
17061ae5-e632-4fe0-ab4a-de7a12d60207,ARTUKLU,006b7ca0-1c73-43fb-93d7-b7fef750c97a,3,3
332d29ef-f898-409d-bab5-e6bf83bb5b13,DEVELİ,44cdfe28-bdba-43a6-a500-186b456d814d,3,3
93a4255e-32e4-459f-8ffb-2506a3166f1a,AFŞİN,34dbd6d4-c49b-4f8b-8b4c-f34456e0cdab,3,3
a70afee8-d885-45b7-b57a-77af73860b1e,BEYAĞAÇ,7a47e8c4-2981-41bf-a91b-83e769344b29,3,3
a9916e55-3631-435a-a80e-ba18cfb8aa39,KİĞI,68837a9e-b016-4c8b-933e-5c279da5c295,3,3
2d0e1ac8-36f8-41b4-9c2c-00d01c26811f,ŞAPHANE,4fd7e41e-3234-40c2-bec0-3c33f6d13bca,3,3
b3829e2e-0a4b-4ff9-9b10-ee797f8a7a73,UĞURLUDAĞ,5655551f-a4f5-4921-b6a8-1399c5b8b71b,3,3
9162ec25-0da5-4158-9f2b-bc90c079f941,KEMALPAŞA,5f83fa90-a3e1-44ca-84e2-18c5c531c200,3,3
5aaaf43c-4d4e-424c-a1e7-82a2229db866,TEFENNİ,218f64ca-3609-4089-9e7c-642488652fbb,3,3
b36234bb-6bed-4426-a1ca-7f5c1dc329f3,MERİÇ,d14d349d-2daf-4639-9c66-53ddce02aeda,3,3
5323ba5f-d947-4ceb-80a6-b687eae6622a,YENİPAZAR,de2a8328-eb33-414a-937f-9d8282744536,3,3
f7bbe03d-baaa-474c-9a48-f7a814edc225,YAVUZELİ,ed75450b-02d0-4be1-9b67-a69da901b6bc,3,3
f0f99cfb-5676-4a4d-b90c-9809b11345f0,KURŞUNLU,9433f841-d4dc-4754-bdf5-3ed5736bbb8e,3,3
a7538535-e94e-47c7-a62e-00c89de7b6df,BOZDOĞAN,24bc317b-2ed3-4944-b83e-c59253b5c058,3,3
b9c4f4f8-8a31-4051-8159-2626490013cd,ALPU,ef30a7f2-0bd1-470a-acd8-3136a7109af2,3,3
3f15df82-a096-435a-b4a4-c74fd6b5699d,AKÇAKENT,e122d251-ff23-495c-92fa-d1f36f10028d,3,3
b313a7ab-bdd0-44bf-a781-74d6e8afa37c,EDREMİT,9a9704a3-ac46-4dfb-89b2-2c582478650b,3,3
6c0623d9-ea1d-4cf8-9a4d-7cceac9cfab9,VAKFIKEBİR,2facbd65-ca92-408e-ac53-516e60f468d7,3,3
38e0e868-6472-4d3c-b379-cf739b29c4a7,ÜMRANİYE,f68c97c5-2ea7-431e-8e4d-bc4a1118b62b,3,3
e8f26a9f-6ba6-4bc2-bdb9-191fe0e1c9e7,ÇİFTELER,ef30a7f2-0bd1-470a-acd8-3136a7109af2,3,3
89d3f676-9d20-4198-a270-3e9f4ec12323,ULA,8b7f8818-c1c7-4b6c-89c6-9427fdc92fd9,3,3
14ed9ba5-690a-4bd1-95a8-90800e2d4b60,TURHAL,fb3852b5-0780-407c-bd0f-da2d0109465c,3,3
cf59bb57-b612-4e0d-89ed-d9f103fd9593,DOĞANKENT,3232c980-5404-4060-b18c-fa745df09751,3,3
3a83fbf4-2b46-49f6-b2ee-bbd25c9868a8,YENİCE,7e1a2f38-0110-4d83-9828-06b50510f925,3,3
5911d133-d7a9-4891-955f-3c76190b6b67,ÇINARCIK,a921760b-c02c-4d06-9f64-2a75d69df689,3,3
b9743b48-0938-46dd-8640-3fb2512ad34a,BAYAT,5655551f-a4f5-4921-b6a8-1399c5b8b71b,3,3
2965daa6-a923-4d3e-bd2d-a1968d5f0ecf,DÖRTYOL,29cdfc6a-53fc-4673-a47e-8e53d64a0ac4,3,3
42edb4b8-8bc8-4f59-b8b1-8953e5d986c0,BUHARKENT,24bc317b-2ed3-4944-b83e-c59253b5c058,3,3
c320a935-2581-4f7f-b4e4-1e17b76a8065,DEMİRKÖY,3f087c0f-5039-4bf3-856a-afffcdaf592b,3,3
c3c8a8e7-337b-4a19-910f-b64b35d1a54b,MERKEZ,4f3e05ac-e7fc-4a98-afd7-d817c36e9793,3,3
a16397ed-d7f2-46e7-a242-22623a5795fc,KEŞAP,3232c980-5404-4060-b18c-fa745df09751,3,3
3ae0d2c8-bf72-43c6-8eb6-e4884764c28c,KARTAL,f68c97c5-2ea7-431e-8e4d-bc4a1118b62b,3,3
5668dde0-cdc2-4e55-9385-ea21e4875147,SAİMBEYLİ,f25d9ff9-f343-4a54-93e3-36180dbcab32,3,3
6ac75ed1-a42c-4fe4-9136-685417b0779c,İNCESU,44cdfe28-bdba-43a6-a500-186b456d814d,3,3
bae42a17-5936-4127-a2c5-f6450bb5dbaf,SULTANGAZİ,f68c97c5-2ea7-431e-8e4d-bc4a1118b62b,3,3
91740421-2b5e-4d12-b502-84619d7dc3d8,HENDEK,a87794ee-f7a8-40de-acb2-165add773634,3,3
71f10853-3f9c-478c-b86a-75786519b2fa,AKÇAKOCA,e235fae1-2bde-4a17-82af-c80e1622b452,3,3
c853cc30-c8c5-4c41-ba9c-3c6ec4f2fa00,DALAMAN,8b7f8818-c1c7-4b6c-89c6-9427fdc92fd9,3,3
2e5d4dbb-0172-4f24-814e-db620684e1ee,KARAPÜRÇEK,a87794ee-f7a8-40de-acb2-165add773634,3,3
1785424a-3c1e-4b92-b14c-c9f2820470f7,KINIK,5f83fa90-a3e1-44ca-84e2-18c5c531c200,3,3
347fe5cf-83e7-4c8f-9db6-86184ba57dc4,TAŞKENT,4f36f744-5985-4605-b65a-a60f986d8197,3,3
4b3be70c-b0a4-47ba-9559-d1539a82e366,MUTKİ,93be93aa-0410-498d-b1c6-8345ee73417d,3,3
c5f75cfd-6c3c-4a13-94b8-853c62c9b271,İLİÇ,0de21b17-01ce-4f56-8443-c600eee0900d,3,3
3a8a75bb-e286-492c-bad9-e7d5bf2710a1,KAĞIZMAN,00e74a54-5fbc-4a58-a5fa-f395c1066b13,3,3
688a280c-9ce0-490c-9f97-2eecbb5121c8,KARABURUN,5f83fa90-a3e1-44ca-84e2-18c5c531c200,3,3
7fd6bc7b-98f5-4d93-9621-06b5685602c2,NİKSAR,fb3852b5-0780-407c-bd0f-da2d0109465c,3,3
8e5d451c-0aa0-4883-99bb-a227c773f144,KIZILIRMAK,9433f841-d4dc-4754-bdf5-3ed5736bbb8e,3,3
9259ce20-658f-4691-aa02-bcddac34c0c8,İZNİK,9b5965d9-4b44-49d4-a6ff-e98f61308229,3,3
8c5640ee-e464-44eb-8685-08f91070dbf0,MERKEZ,440c7b36-fdf8-44ae-9083-523d44298079,3,3
aefa506b-8a30-461b-bb2d-6ed0766b90fb,DİGOR,00e74a54-5fbc-4a58-a5fa-f395c1066b13,3,3
f909348b-0d48-401f-ba14-c8b60e8fc784,ERGANİ,5483513b-61a1-44f1-8f0d-173195a24fe7,3,3
b7719969-4244-42e8-97a6-a83c224675a1,MARMARA,8b88c606-15c7-487b-8d6d-26a36bd70b8c,3,3
35467b11-e423-4c23-9663-1b93fb82a5aa,MERKEZ,e235fae1-2bde-4a17-82af-c80e1622b452,3,3
fe9fd9db-5940-49be-b19b-ff0d28ba2b32,MERKEZ,9433f841-d4dc-4754-bdf5-3ed5736bbb8e,3,3
64bfb5c9-b4bd-4933-ac44-0fdacb2cbbbf,MEZİTLİ,44fbe18f-fb02-4d16-ba52-d6e03275541e,3,3
4c3499e2-8fce-45ca-aad0-108bd0baa740,OĞUZELİ,ed75450b-02d0-4be1-9b67-a69da901b6bc,3,3
ec0bb20a-8a95-4a0d-b62b-0ab431f6c7f7,GEMEREK,fa6946d4-b281-4cc5-a047-0b4b80a11268,3,3
72124a20-a58c-4535-90d5-03d2a4382a91,ANDIRIN,34dbd6d4-c49b-4f8b-8b4c-f34456e0cdab,3,3
4b0e0a2c-75cd-4863-953d-8b8949aaa77e,BEYPAZARI,6429b812-7c0f-4a22-8c2d-3d308a0c3f82,3,3
d5467ba9-a9a3-4164-a05f-ec0e1a86d7a4,İKİZCE,162397e6-3942-45a2-aa9b-4ec912f86c0f,3,3
232f2eb2-735f-4583-963c-818f4363d71c,ERENLER,a87794ee-f7a8-40de-acb2-165add773634,3,3
73772cdf-118a-4c70-a948-0092891be67e,KOZAN,f25d9ff9-f343-4a54-93e3-36180dbcab32,3,3
abf325bc-4f05-4a92-8680-edf32b23a46a,BESNİ,b2146e95-c44b-4684-9240-7a8af672cca6,3,3
78a1d947-ea2b-4dc1-8cfb-34b3ef5e1058,PENDİK,f68c97c5-2ea7-431e-8e4d-bc4a1118b62b,3,3
38d380a8-238b-4ed2-9dfa-f79a3806f783,ÇANDIR,790797ad-0a51-451a-a4a7-da9f2bfe1bb6,3,3
1704f1d6-a8a4-41a2-a008-935cf6cabb1a,TUZLUCA,1d2076c2-7bd0-4423-92e4-3df04e0dfea3,3,3
c50c1227-0f12-4ca8-bac9-39483022e004,MERKEZ,d71b357d-c159-4a3d-b0c4-bfb875b86a78,3,3
2c6faa0b-4e58-49f1-9910-334da9553d4b,KAHTA,b2146e95-c44b-4684-9240-7a8af672cca6,3,3
9d18321c-d37f-4814-92d1-72c277a3f1c8,CİDE,4f3e05ac-e7fc-4a98-afd7-d817c36e9793,3,3
d60d20b7-1d8c-4127-b9b8-88276235f1ea,ELMADAĞ,6429b812-7c0f-4a22-8c2d-3d308a0c3f82,3,3
666af3d0-1602-4155-9b54-8e0bbada2b4a,HAYMANA,6429b812-7c0f-4a22-8c2d-3d308a0c3f82,3,3
56ca41cb-49df-4d6f-9863-f3dfb22e10b9,VARTO,8feb7f1c-b474-488d-b246-276ff423ce52,3,3
72035847-1dde-4d18-8002-12a74fa8cc64,MERKEZEFENDİ,7a47e8c4-2981-41bf-a91b-83e769344b29,3,3
e556bca1-7fa4-4a41-95a1-fd32635ad251,BÜYÜKÇEKMECE,f68c97c5-2ea7-431e-8e4d-bc4a1118b62b,3,3
eead8180-6cc9-48cf-aa1e-1e5b6d1af8eb,ASLANAPA,4fd7e41e-3234-40c2-bec0-3c33f6d13bca,3,3
3d4e474a-f9de-4415-851c-817ae19584ed,ÇANAKÇI,3232c980-5404-4060-b18c-fa745df09751,3,3
764eb468-f9e9-4345-9347-89bac4830969,GÖNEN,d43a7d97-ca36-4b01-b3c8-70fa357836cf,3,3
ada2de1b-2737-498b-ae21-e009802694ec,REYHANLI,29cdfc6a-53fc-4673-a47e-8e53d64a0ac4,3,3
63cc05b4-8176-4d2f-aa9d-5cbd4e326070,TOROSLAR,44fbe18f-fb02-4d16-ba52-d6e03275541e,3,3
560f52ee-ccbc-416d-aa56-d7d998a936b7,HALİLİYE,f7f64f1d-072e-4db8-9908-894134524c69,3,3
e57a18f9-5998-4775-a9dc-9dec921611b5,ILGIN,4f36f744-5985-4605-b65a-a60f986d8197,3,3
5d6dfa17-85c5-4531-953f-3be33a70074b,KANGAL,fa6946d4-b281-4cc5-a047-0b4b80a11268,3,3
fbb402d8-7987-472e-b7b6-d81968f30f8e,TÜRKOĞLU,34dbd6d4-c49b-4f8b-8b4c-f34456e0cdab,3,3
0557befe-f575-46ca-8c36-15506627fd44,SÖKE,24bc317b-2ed3-4944-b83e-c59253b5c058,3,3
ad73d0e9-fd3d-4d28-9ebc-d93d5e95e950,MERKEZ,63990a9e-ab03-4cb3-b00e-bb93848896ca,3,3
18c12dab-c91b-4dd0-977d-241a5443dc3c,EYYÜBİYE,f7f64f1d-072e-4db8-9908-894134524c69,3,3
73268faf-3666-4604-8ebf-29f769e185e4,MANYAS,8b88c606-15c7-487b-8d6d-26a36bd70b8c,3,3
c11b6b2b-3861-40e1-b4be-29b2347ddc68,KABATAŞ,162397e6-3942-45a2-aa9b-4ec912f86c0f,3,3
0d67304d-0c51-41c6-8bfa-75da535a729a,ÇAN,db4cfb7c-95be-4abc-948e-c5de57785d6b,3,3
e73aee31-9f8f-40d6-8d86-2bb9bd7523e1,MERKEZ,8feb7f1c-b474-488d-b246-276ff423ce52,3,3
353de565-ee02-4521-b9d5-de530dd0a502,ERGENE,9c9e321e-663f-4cb4-8085-5facd464dc68,3,3
d5658126-3950-49ab-8756-92af734e4da7,PAZARYOLU,5e5b9920-e84c-44ef-905a-cd31b3a66c44,3,3
83493e66-9220-4499-b125-6a9d358ecaf8,ZEYTİNBURNU,f68c97c5-2ea7-431e-8e4d-bc4a1118b62b,3,3
f7cef67a-89ee-4f1d-a473-8cf33e6e9be8,SULAKYURT,e00fd4e3-2d2a-4066-8069-06bda27d2fcb,3,3
0e18a758-54a9-4bab-8820-8fae355469b2,ALTINOVA,a921760b-c02c-4d06-9f64-2a75d69df689,3,3
f0a7c00a-8174-4819-b393-27d74b4fef27,DERİNCE,f883026a-09e0-44bd-af64-57ade8bab97b,3,3
551f8675-1cf8-403a-8a56-c58311d86021,SÜTÇÜLER,d43a7d97-ca36-4b01-b3c8-70fa357836cf,3,3
5720f2cf-2f45-4803-8895-7199f7ad3f57,KOFÇAZ,3f087c0f-5039-4bf3-856a-afffcdaf592b,3,3
9f40aa12-29a6-4dcc-8c62-8a4028eabc55,AVANOS,69f57ea2-fba7-4fe1-9a3e-2c04515584de,3,3
efab56f9-ca6c-4072-b01d-1df4f8eaf3a1,GÖNEN,8b88c606-15c7-487b-8d6d-26a36bd70b8c,3,3
1c45053c-65b6-462e-80c2-8c446561e6fb,YENİŞEHİR,5483513b-61a1-44f1-8f0d-173195a24fe7,3,3
0e7edc99-3f6a-4256-ae3b-602c12d3b72f,OVACIK,aa0ea380-90b7-4a2b-b0a0-fea002269c26,3,3
90f92d57-c0f9-4363-a986-0b8514fbc487,SARICAKAYA,ef30a7f2-0bd1-470a-acd8-3136a7109af2,3,3
d27f5d1a-1392-43f3-93af-b7e4421f9cca,GÖLBAŞI,b2146e95-c44b-4684-9240-7a8af672cca6,3,3
101dbb6f-1f56-4e9e-8f35-e722fe4f48a0,BULDAN,7a47e8c4-2981-41bf-a91b-83e769344b29,3,3
53d798cc-1163-493d-88e7-28c2ed44892c,HASSA,29cdfc6a-53fc-4673-a47e-8e53d64a0ac4,3,3
c832055c-8beb-45ce-b3a6-40c2f9a68603,BODRUM,8b7f8818-c1c7-4b6c-89c6-9427fdc92fd9,3,3
76c52a5a-1c60-4c56-8a78-e50a9a846b40,KORKUT,8feb7f1c-b474-488d-b246-276ff423ce52,3,3
b046ed98-45d6-420a-9cdd-3ad2b6cc00e9,BOR,43c96813-0567-4760-a2b5-e9fa8e62764e,3,3
79b62d4c-b8aa-4236-be38-4b6d3ff6d033,KARGI,5655551f-a4f5-4921-b6a8-1399c5b8b71b,3,3
a47fcd76-7564-4bc2-9f1f-8fe60fb66a8a,SEYİTGAZİ,ef30a7f2-0bd1-470a-acd8-3136a7109af2,3,3
d3d4a2ee-be8c-44c5-a739-d71866fa6aeb,PERTEK,aa0ea380-90b7-4a2b-b0a0-fea002269c26,3,3
aed88eaa-0434-4a1f-af02-36fdd404d5ce,BUCAK,218f64ca-3609-4089-9e7c-642488652fbb,3,3
66c22883-9635-49e7-9e75-2a23b516f65b,TİREBOLU,3232c980-5404-4060-b18c-fa745df09751,3,3
40599cf7-7071-48d4-83d1-7c215a1fa1c2,ALADAĞ,f25d9ff9-f343-4a54-93e3-36180dbcab32,3,3
37ea8418-3948-415c-8db7-c99da7264471,GELİBOLU,db4cfb7c-95be-4abc-948e-c5de57785d6b,3,3
f596b904-3e77-4a4e-b2bf-b8b02da43b98,ÇINAR,5483513b-61a1-44f1-8f0d-173195a24fe7,3,3
476273f2-ed38-4a43-945e-1bba6e64da0d,NİZİP,ed75450b-02d0-4be1-9b67-a69da901b6bc,3,3
e9cf4d51-aff3-458a-8ae5-da60f08971a3,YILDIRIM,9b5965d9-4b44-49d4-a6ff-e98f61308229,3,3
aed7de12-050e-4a4b-b26f-e27a7a828173,SAMSAT,b2146e95-c44b-4684-9240-7a8af672cca6,3,3
c5d4eaa6-1db1-4a0b-8d2e-4e82c1128072,BAYRAMİÇ,db4cfb7c-95be-4abc-948e-c5de57785d6b,3,3
d3c6dfc3-561e-4856-907b-d3551d47f532,BERGAMA,5f83fa90-a3e1-44ca-84e2-18c5c531c200,3,3
d327d1f8-8025-44f5-ae90-5300af25de34,KEŞAN,d14d349d-2daf-4639-9c66-53ddce02aeda,3,3
f99dbc2e-c30d-469d-b366-c80507c9132e,EDREMİT,8b88c606-15c7-487b-8d6d-26a36bd70b8c,3,3
60d9248f-e276-46d4-8a6e-11b5ec1e8dcc,KOZLUK,63990a9e-ab03-4cb3-b00e-bb93848896ca,3,3
63eead5c-f21b-476a-83d3-e642343e679c,KUMRU,162397e6-3942-45a2-aa9b-4ec912f86c0f,3,3
f0d2cc92-5902-45e5-bdaa-43795c056864,SİLİVRİ,f68c97c5-2ea7-431e-8e4d-bc4a1118b62b,3,3
d9fca757-b796-4c7d-945e-257208a4f54a,SANCAKTEPE,f68c97c5-2ea7-431e-8e4d-bc4a1118b62b,3,3
a8c31bda-5d61-44e1-b333-3c5af8474b1d,ÜNYE,162397e6-3942-45a2-aa9b-4ec912f86c0f,3,3
6a884025-07ec-4afe-820e-9d9553067ac9,ESPİYE,3232c980-5404-4060-b18c-fa745df09751,3,3
fc615593-66c0-4693-a6e6-4c7204dc561d,ŞUHUT,bd2215be-7c99-4132-8fdd-ef0e857ce616,3,3
a62f50ac-5455-4e62-b388-8b75b4d87a00,TEKMAN,5e5b9920-e84c-44ef-905a-cd31b3a66c44,3,3
98afa60b-518a-42f5-a90d-1179764d8210,HASKÖY,8feb7f1c-b474-488d-b246-276ff423ce52,3,3
f1432c99-21b0-4928-89d6-f51766b0222a,BANAZ,38535176-c8b2-4baa-a100-072505be3e76,3,3
9353b80f-5a77-4fcf-9fa6-3c0908e788eb,VEZİRKÖPRÜ,8f91f557-ab29-48d8-9ad6-38e0da9c88ec,3,3
29919eb3-5369-45c8-9702-0c3be91f18e0,DÖRTDİVAN,e414f007-372a-4eb4-8528-96f4472b0abf,3,3
4a001283-a23d-4227-8e90-f05a02511545,DİKMEN,3a65f91e-3637-476e-a40e-dda0b091a264,3,3
0f63f3eb-339e-46ec-989b-39a2ce87b501,BÜYÜKORHAN,9b5965d9-4b44-49d4-a6ff-e98f61308229,3,3
c186f302-b521-4e54-94e7-d5a219a9bed2,SİNCAN,6429b812-7c0f-4a22-8c2d-3d308a0c3f82,3,3
46a36702-e0d1-45d2-a427-5250d9587215,ÇAMLIYAYLA,44fbe18f-fb02-4d16-ba52-d6e03275541e,3,3
3855ffa5-559b-47c4-898d-f8bdcf53eba7,YAYLADERE,68837a9e-b016-4c8b-933e-5c279da5c295,3,3
3182ec9f-f954-46cb-ae60-8df4bf7dde70,SİLİFKE,44fbe18f-fb02-4d16-ba52-d6e03275541e,3,3
9022b8f1-73ae-4ec2-bc0f-575c7ba578b0,HİSARCIK,4fd7e41e-3234-40c2-bec0-3c33f6d13bca,3,3
92fb19b9-ab62-4d5d-a2a2-c116636a4ba3,SUŞEHRİ,fa6946d4-b281-4cc5-a047-0b4b80a11268,3,3
ccb23b76-2b5e-42fd-86cd-260f7f094f68,ARABAN,ed75450b-02d0-4be1-9b67-a69da901b6bc,3,3
52eb6d90-2600-464b-9e56-0451b997b577,GÜNEY,7a47e8c4-2981-41bf-a91b-83e769344b29,3,3
3b3b423a-5566-42a6-b2a7-cea622dcbd43,EYNESİL,3232c980-5404-4060-b18c-fa745df09751,3,3
5862c94f-48ff-41cf-b2b8-aedef58adc1a,OSMANELİ,de2a8328-eb33-414a-937f-9d8282744536,3,3
7ee8556b-c527-4337-8102-61f43cb67f88,ATABEY,d43a7d97-ca36-4b01-b3c8-70fa357836cf,3,3
23ce3ba6-cad0-4839-adb6-49a339449e0d,MUT,44fbe18f-fb02-4d16-ba52-d6e03275541e,3,3
368fa6d3-748e-435b-8532-ced3687ca311,ÇAMLIHEMŞİN,4a28fa4d-2a2e-493c-b0d2-e75de996b3e6,3,3
d177b922-6b42-4ae2-b4b1-fbcd64a66978,MALTEPE,f68c97c5-2ea7-431e-8e4d-bc4a1118b62b,3,3
8529f21b-2b2f-4d88-8a0e-eabb530dfb48,SİLVAN,5483513b-61a1-44f1-8f0d-173195a24fe7,3,3
388b4a65-55fb-4e40-b28a-63b0f2bfa43a,EYÜPSULTAN,f68c97c5-2ea7-431e-8e4d-bc4a1118b62b,3,3
9b0e4acc-bc1b-467e-9225-8636648410f9,MAZIDAĞI,006b7ca0-1c73-43fb-93d7-b7fef750c97a,3,3
add95ad8-e4a4-4176-ba96-6e710219c4ea,ATAŞEHİR,f68c97c5-2ea7-431e-8e4d-bc4a1118b62b,3,3
086a0eec-e687-47cb-b0d8-90586b05832c,KAPAKLI,9c9e321e-663f-4cb4-8085-5facd464dc68,3,3
86dba20e-1970-43f0-a6d2-6c7b43589efd,İNCİRLİOVA,24bc317b-2ed3-4944-b83e-c59253b5c058,3,3
1f882488-197c-467c-b687-bb914227ef9f,BAFRA,8f91f557-ab29-48d8-9ad6-38e0da9c88ec,3,3
5d1a6711-ae73-419a-ad97-d2fa9bcf90db,KEÇİBORLU,d43a7d97-ca36-4b01-b3c8-70fa357836cf,3,3
e0c5e8ea-1db1-4c06-87c9-784db6621a6f,DURSUNBEY,8b88c606-15c7-487b-8d6d-26a36bd70b8c,3,3
4707af47-c04d-4692-a994-436c50068ad2,OĞUZLAR,5655551f-a4f5-4921-b6a8-1399c5b8b71b,3,3
d8edab56-db11-43e0-80c6-75a1ca682e6d,KUYUCAK,24bc317b-2ed3-4944-b83e-c59253b5c058,3,3
956f011c-f152-45c8-8a9f-54d0160c5252,MERKEZ,3a65f91e-3637-476e-a40e-dda0b091a264,3,3
64c0fa92-7af6-4489-ac9e-0fba3003a963,SEYHAN,f25d9ff9-f343-4a54-93e3-36180dbcab32,3,3
d8551782-de4d-484d-ad7c-237dc8c716ae,AYVACIK,db4cfb7c-95be-4abc-948e-c5de57785d6b,3,3
42934b95-9650-419f-96a1-99267f1a959f,KESTEL,9b5965d9-4b44-49d4-a6ff-e98f61308229,3,3
c04d4b6a-53d7-47a8-9659-eb12b6c826cc,ESKİPAZAR,7e1a2f38-0110-4d83-9828-06b50510f925,3,3
e14cc5c3-4b92-4546-8c94-33c685e60b76,YENİŞARBADEMLİ,d43a7d97-ca36-4b01-b3c8-70fa357836cf,3,3
df380254-9e4a-46ea-b987-bf439687ea78,AĞLASUN,218f64ca-3609-4089-9e7c-642488652fbb,3,3
c04250a4-ee8b-4352-b850-8a7b113d2060,OLTU,5e5b9920-e84c-44ef-905a-cd31b3a66c44,3,3
cbeb87f5-a7f8-422d-8ae5-358ec6457a1b,SAMANDAĞ,29cdfc6a-53fc-4673-a47e-8e53d64a0ac4,3,3
69804657-66e3-43cb-a3db-fbc74e95289d,KARAKOYUNLU,1d2076c2-7bd0-4423-92e4-3df04e0dfea3,3,3
3b653ce7-2ea5-4f95-8f17-d6d7a9044539,SALIPAZARI,8f91f557-ab29-48d8-9ad6-38e0da9c88ec,3,3
7d64f2ad-7fbd-4dd4-8d7d-795a64cdcb3a,KEMALPAŞA,2385ddbd-89bf-46e8-96bd-30963a3391fc,3,3
30bbcf92-2f43-433e-83e0-99a9bfc45db7,HALKAPINAR,4f36f744-5985-4605-b65a-a60f986d8197,3,3
d91cb394-ce81-43d0-927b-6ea70212f645,BUCA,5f83fa90-a3e1-44ca-84e2-18c5c531c200,3,3
6067a312-53b6-4b16-ada2-7d5f84f0b3fa,SARIYER,f68c97c5-2ea7-431e-8e4d-bc4a1118b62b,3,3
c85f39b8-ee25-4744-aadb-d2af4a4c2e2b,ULUBEY,38535176-c8b2-4baa-a100-072505be3e76,3,3
61e1ff2e-7bcd-4bd4-bc50-f4573fdadc63,GÜMÜŞOVA,e235fae1-2bde-4a17-82af-c80e1622b452,3,3
19391c00-b60e-4f59-9255-f465f89ffad3,ALANYA,bb35b134-f081-4cb8-844b-0f60da38da06,3,3
02cb1eab-95b1-4fe6-b1b2-6dad86f525ad,AYDINCIK,790797ad-0a51-451a-a4a7-da9f2bfe1bb6,3,3
72505956-502f-4b8c-9313-59dccda1c197,AYDINTEPE,82fe070e-7f4b-4c08-a627-64979612ddc0,3,3
87a71a44-0788-4442-bf3f-fb1be384efcc,KONAK,5f83fa90-a3e1-44ca-84e2-18c5c531c200,3,3
1b79e856-c7ef-4d08-9e4e-266bd1dbecdb,KAMAN,e122d251-ff23-495c-92fa-d1f36f10028d,3,3
683ce702-2a3a-4a18-a6af-9c2b2d1b8310,ÇEKMEKÖY,f68c97c5-2ea7-431e-8e4d-bc4a1118b62b,3,3
91558912-51d9-44ad-a5a5-11ee60fd91fe,GÜNYÜZÜ,ef30a7f2-0bd1-470a-acd8-3136a7109af2,3,3
2e8c875b-cbce-4d0d-9e68-1e61a2989673,BALÇOVA,5f83fa90-a3e1-44ca-84e2-18c5c531c200,3,3
164a80e3-0046-4db9-9239-9face0bcb1bf,OLUR,5e5b9920-e84c-44ef-905a-cd31b3a66c44,3,3
d81b45f2-458c-4d68-9909-224276fd8174,MURATLI,9c9e321e-663f-4cb4-8085-5facd464dc68,3,3
55911685-11c2-4335-b415-a48411df8c18,SERİK,bb35b134-f081-4cb8-844b-0f60da38da06,3,3
33c25993-d6db-4273-bfe9-8f696a95ae43,AKKUŞ,162397e6-3942-45a2-aa9b-4ec912f86c0f,3,3
bbe42fd5-8d0d-4edc-9e15-2234b9aefcbb,İKİZDERE,4a28fa4d-2a2e-493c-b0d2-e75de996b3e6,3,3
8adec4c9-2e19-424b-8cf8-fae8c9740f0a,HACIBEKTAŞ,69f57ea2-fba7-4fe1-9a3e-2c04515584de,3,3
6844d282-e1ab-4185-8375-1ca45a98a766,KEÇİÖREN,6429b812-7c0f-4a22-8c2d-3d308a0c3f82,3,3
52c97b29-9a90-4e56-b0f8-6a8ae2de55f5,DERECİK,440c7b36-fdf8-44ae-9083-523d44298079,3,3
702310c6-2c5c-43ce-86ef-d6c854f8a7a3,YILDIZELİ,fa6946d4-b281-4cc5-a047-0b4b80a11268,3,3
6dc1a593-93f2-4afd-a452-698df43dec6e,ORTA,9433f841-d4dc-4754-bdf5-3ed5736bbb8e,3,3
cf4f4c3e-65e4-48cf-9355-a7ddcb2f7ca2,ALTINYAYLA,fa6946d4-b281-4cc5-a047-0b4b80a11268,3,3
ba555370-b39e-42c3-ba84-c733c6f229ff,KURUCAŞİLE,dda5c4bd-079d-49aa-af3f-5146056fba1d,3,3
f99a67d6-14ec-4327-90e0-e46362f10008,MERKEZ,aa0ea380-90b7-4a2b-b0a0-fea002269c26,3,3
31b8cb19-a56b-4d0a-aa44-ca1a57f92dee,SEBEN,e414f007-372a-4eb4-8528-96f4472b0abf,3,3
77d17654-d011-4d78-a2d7-6e0bcce4bb5d,YEŞİLLİ,006b7ca0-1c73-43fb-93d7-b7fef750c97a,3,3
ba77a423-a5a1-417c-8956-dd3e47ffe719,ÇATALCA,f68c97c5-2ea7-431e-8e4d-bc4a1118b62b,3,3
5de6bb87-1f9b-4092-aaf2-b84f68207722,ÖMERLİ,006b7ca0-1c73-43fb-93d7-b7fef750c97a,3,3
0971f777-a657-4f34-93a0-012feb19c8a2,AHIRLI,4f36f744-5985-4605-b65a-a60f986d8197,3,3
27b10784-b96a-4fe0-a61a-eb1da31085c1,MARMARİS,8b7f8818-c1c7-4b6c-89c6-9427fdc92fd9,3,3
aa89f2ce-fddc-4591-b131-1a26759f118e,DEVREK,acd6ebfa-8ff9-4511-b1cf-835ca3b362a4,3,3
55d33d92-ed36-4097-9ff3-315d195f6091,ÇUKURCA,440c7b36-fdf8-44ae-9083-523d44298079,3,3
9629e78c-becd-4166-9351-47da852c62d5,ÇUKUROVA,f25d9ff9-f343-4a54-93e3-36180dbcab32,3,3
657db0d5-5ce7-47f2-90cd-79845706baa5,MUDANYA,9b5965d9-4b44-49d4-a6ff-e98f61308229,3,3
2cf494b7-3124-4545-a7ab-ab763895b499,HORASAN,5e5b9920-e84c-44ef-905a-cd31b3a66c44,3,3
677cf564-a4fb-4a11-9485-26c4df6b4510,ÇAYCUMA,acd6ebfa-8ff9-4511-b1cf-835ca3b362a4,3,3
4c0697bd-5644-489d-b57f-9fa604af3c47,KEMER,218f64ca-3609-4089-9e7c-642488652fbb,3,3
43fff1a3-db0f-458b-b8c3-4c3d2cfa0cc7,ANTAKYA,29cdfc6a-53fc-4673-a47e-8e53d64a0ac4,3,3
3f83ba03-e84f-4ba8-b841-b60b2dba9444,EVREN,6429b812-7c0f-4a22-8c2d-3d308a0c3f82,3,3
f225784f-4567-464b-8ef8-d2d0fc8abd3c,GAZİPAŞA,bb35b134-f081-4cb8-844b-0f60da38da06,3,3
d5063e3e-b231-4bc0-b207-92b7df95357a,DARICA,f883026a-09e0-44bd-af64-57ade8bab97b,3,3
11f376e7-dfcc-4c2d-9cfb-97a009dc85f2,KARAHALLI,38535176-c8b2-4baa-a100-072505be3e76,3,3
3de73cdb-46d5-4cd7-97c2-ae0033e8d0da,BEKİLLİ,7a47e8c4-2981-41bf-a91b-83e769344b29,3,3
7200a560-e748-45d5-aec8-65f9719cfcf7,ABANA,4f3e05ac-e7fc-4a98-afd7-d817c36e9793,3,3
8db8b0ef-b8d3-4242-8451-790d085d0073,KARABAĞLAR,5f83fa90-a3e1-44ca-84e2-18c5c531c200,3,3
f1d28554-4435-43f9-8401-378c35ad528e,MERKEZ,3232c980-5404-4060-b18c-fa745df09751,3,3
51f2fba1-fee3-4cd0-8164-86c933468f11,ALTUNHİSAR,43c96813-0567-4760-a2b5-e9fa8e62764e,3,3
04df63b1-ce16-4827-bf8a-ab7ef3b813e3,DAMAL,571c9fb2-5744-46ab-9509-9e96d067f9e7,3,3
32e93ab6-658d-41fb-bb0a-58d74eab1602,VİZE,3f087c0f-5039-4bf3-856a-afffcdaf592b,3,3
8de1ac8d-005c-4874-809d-a701d41959cb,ILGAZ,9433f841-d4dc-4754-bdf5-3ed5736bbb8e,3,3
a7c03c86-22bf-4acb-8f86-7957a4152c4e,TAŞOVA,3a2598ff-e30b-4e00-aac2-d7764f4475b6,3,3
d7987f02-9642-4120-92e6-2c9b8c2b9cfd,HINIS,5e5b9920-e84c-44ef-905a-cd31b3a66c44,3,3
2e58ec07-9d47-46bc-9a5b-63c4b2ec607e,İYİDERE,4a28fa4d-2a2e-493c-b0d2-e75de996b3e6,3,3
3bf1b18c-8fe2-4f5a-b3c7-045f8fdc28f9,ÇAYIROVA,f883026a-09e0-44bd-af64-57ade8bab97b,3,3
9da357f6-0e7d-4f63-aa76-24290fd3990f,KALKANDERE,4a28fa4d-2a2e-493c-b0d2-e75de996b3e6,3,3
4faf928b-58eb-485f-9adb-cfef9eee2b6b,PINARHİSAR,3f087c0f-5039-4bf3-856a-afffcdaf592b,3,3
7f3f6625-394e-4edb-8e52-d5e7862ab9bb,HOZAT,aa0ea380-90b7-4a2b-b0a0-fea002269c26,3,3
c70456d0-3a5c-4056-b99c-d9b89c08a411,ŞİRVAN,12b486c0-a64b-4f4a-9c67-be7572242c83,3,3
402ac3f4-94ed-4fb3-93ca-ec014929fc17,EFLANİ,7e1a2f38-0110-4d83-9828-06b50510f925,3,3
071e5431-3aec-44e1-aa7e-116bbd695265,ÇAMLIDERE,6429b812-7c0f-4a22-8c2d-3d308a0c3f82,3,3
ae488396-19c3-4e4a-9ee1-97b741df4499,YAKAKENT,8f91f557-ab29-48d8-9ad6-38e0da9c88ec,3,3
c40b498f-5c4c-4272-8bfd-96284cf255cf,GÜNEYSINIR,4f36f744-5985-4605-b65a-a60f986d8197,3,3
29629af6-f1f9-415c-acda-bb6f19050bfe,ÜRGÜP,69f57ea2-fba7-4fe1-9a3e-2c04515584de,3,3
f8bcb33a-b952-48ee-ba42-4a2b359debe7,FINDIKLI,4a28fa4d-2a2e-493c-b0d2-e75de996b3e6,3,3
3257b3d2-2b7b-475c-b76b-57ce6d8d72ac,SELİM,00e74a54-5fbc-4a58-a5fa-f395c1066b13,3,3
a51974fa-766e-4de2-8758-9a637aab78b7,KOCASİNAN,44cdfe28-bdba-43a6-a500-186b456d814d,3,3
d35a0ac0-caeb-491a-a916-402e516f73b6,AĞAÇÖREN,9baa4aa1-0d76-42ff-be9b-b7a5b0955624,3,3
27674336-215d-45e4-9899-d588651df050,PINARBAŞI,44cdfe28-bdba-43a6-a500-186b456d814d,3,3
1e743c8e-185a-40a4-9ecd-41aeaa179402,ELEŞKİRT,031f11b8-3980-4749-a4af-dcc46c317f72,3,3
a10994ef-3fb2-4756-9104-388c4b4cd798,ALTIEYLÜL,8b88c606-15c7-487b-8d6d-26a36bd70b8c,3,3
9c72d828-be29-4aee-b439-727cc13eb801,YATAĞAN,8b7f8818-c1c7-4b6c-89c6-9427fdc92fd9,3,3
dca5dd7c-90f5-406f-aceb-ca4f955b5c7d,SANDIKLI,bd2215be-7c99-4132-8fdd-ef0e857ce616,3,3
db6c7411-94b6-4aa7-817a-c4be5e32380a,BAŞMAKÇI,bd2215be-7c99-4132-8fdd-ef0e857ce616,3,3
baa64ffc-5723-4012-bfeb-7fd11d55583c,MURATPAŞA,bb35b134-f081-4cb8-844b-0f60da38da06,3,3
7de08a8b-e78d-484f-ae31-4700180dbcd7,GÖKSUN,34dbd6d4-c49b-4f8b-8b4c-f34456e0cdab,3,3
0ee15816-3a03-43d1-9366-c37cb3ee8ad2,GEMLİK,9b5965d9-4b44-49d4-a6ff-e98f61308229,3,3
9ae581e1-4c6a-4872-85ac-89a186368c5e,KELKİT,924ffc59-57ef-4bc5-83f5-de469f35f5bd,3,3
c4ee2775-e684-47b1-a280-524a2a57c031,ZİLE,fb3852b5-0780-407c-bd0f-da2d0109465c,3,3
6c972b34-d791-4fd9-8a2e-0910a42a0f57,PAMUKKALE,7a47e8c4-2981-41bf-a91b-83e769344b29,3,3
309f9e94-2da1-4294-909d-a8bca2c86677,ŞAVŞAT,2385ddbd-89bf-46e8-96bd-30963a3391fc,3,3
7d9689fe-dcd3-4a23-ac2d-2f767bb5a00f,AHLAT,93be93aa-0410-498d-b1c6-8345ee73417d,3,3
66eebcc3-65e3-4943-9761-cd4241970b14,NAZIMİYE,aa0ea380-90b7-4a2b-b0a0-fea002269c26,3,3
b1b6354c-ced3-4547-8e1b-298a411d8c0e,MERAM,4f36f744-5985-4605-b65a-a60f986d8197,3,3
d8b14d19-3df2-4d7e-a579-cf52e7946830,SİLOPİ,1ff22d1d-8450-436f-8085-3b1fd140afa8,3,3
cf68f0a0-92cf-4e8e-9d12-cc2a054f43c6,TARSUS,44fbe18f-fb02-4d16-ba52-d6e03275541e,3,3
417f61e3-3db1-4e4d-b2de-edaf9d24b35e,ÇİLİMLİ,e235fae1-2bde-4a17-82af-c80e1622b452,3,3
64987bdd-d3d4-4fa2-8f77-b5cf9d08dc95,ŞABANÖZÜ,9433f841-d4dc-4754-bdf5-3ed5736bbb8e,3,3
3c81bbd9-2ec2-4fc9-ad0c-fdceeef1c466,FİNİKE,bb35b134-f081-4cb8-844b-0f60da38da06,3,3
20ec4c52-5006-41a2-b643-65f6bda19cd1,İSCEHİSAR,bd2215be-7c99-4132-8fdd-ef0e857ce616,3,3
93f1c835-c7f7-4087-9922-d7d14dc97a0f,ULUBEY,162397e6-3942-45a2-aa9b-4ec912f86c0f,3,3
d8f47175-1a75-474e-a18e-cb210a05f4b6,İPSALA,d14d349d-2daf-4639-9c66-53ddce02aeda,3,3
34775006-f1cb-42d1-94a0-9d3a41d45ba3,KEPEZ,bb35b134-f081-4cb8-844b-0f60da38da06,3,3
59500110-8189-4426-8125-f492551e27a4,ÇAYKARA,2facbd65-ca92-408e-ac53-516e60f468d7,3,3
bdd578aa-df32-4306-8f9f-401b2df90b5c,GÖLCÜK,f883026a-09e0-44bd-af64-57ade8bab97b,3,3
d29138e4-af81-4466-9fad-09a14e4b96a5,KIBRISCIK,e414f007-372a-4eb4-8528-96f4472b0abf,3,3
90cbb50c-8d21-45e8-88fd-740381d2a275,PALU,41038aca-97da-463f-a3da-dc26548adf36,3,3
7fedb857-a06b-46c6-a7b9-ba50695a6199,KAYAPINAR,5483513b-61a1-44f1-8f0d-173195a24fe7,3,3
7fbc2422-f534-4410-86ae-1dc30a33b9ff,BAYRAKLI,5f83fa90-a3e1-44ca-84e2-18c5c531c200,3,3
4f601688-70f3-448d-b454-a133b180f7f6,ÇALDIRAN,9a9704a3-ac46-4dfb-89b2-2c582478650b,3,3
5772b02c-6f2b-4ae3-918c-2467d77a2eab,AKKIŞLA,44cdfe28-bdba-43a6-a500-186b456d814d,3,3
ff430a02-f508-4b0b-95c9-a77724ab7960,DERİNKUYU,69f57ea2-fba7-4fe1-9a3e-2c04515584de,3,3
1704ed16-5f07-45d1-9350-2ce81d3ce994,YUSUFELİ,2385ddbd-89bf-46e8-96bd-30963a3391fc,3,3
f64c3593-f5d6-4b9d-a164-70bf4d2e8fb0,ÇANKAYA,6429b812-7c0f-4a22-8c2d-3d308a0c3f82,3,3
94532aa1-8de3-471e-9684-3a5322aa8026,YEDİSU,68837a9e-b016-4c8b-933e-5c279da5c295,3,3
555a72d6-be26-43af-9289-a81dc0fc903c,BAŞİSKELE,f883026a-09e0-44bd-af64-57ade8bab97b,3,3
c3ae22dd-d942-4cd5-8054-81beb422076c,KARAMANLI,218f64ca-3609-4089-9e7c-642488652fbb,3,3
eecd586c-6871-48d4-86c7-10d259e5ebd7,SARIKAYA,790797ad-0a51-451a-a4a7-da9f2bfe1bb6,3,3
ad93661b-8785-4016-9825-b07dad324f73,19 MAYIS,8f91f557-ab29-48d8-9ad6-38e0da9c88ec,3,3
f02a7388-483d-4550-a571-5efdde0fd38f,AKINCILAR,fa6946d4-b281-4cc5-a047-0b4b80a11268,3,3
c67c7c14-a5ee-4490-9549-d48fb15699d8,ALTINTAŞ,4fd7e41e-3234-40c2-bec0-3c33f6d13bca,3,3
59e51aae-d883-4231-9023-b9cd123a6252,HANÖNÜ,4f3e05ac-e7fc-4a98-afd7-d817c36e9793,3,3
0dccd015-b91c-4b7d-861f-a8576a7b0c3b,AYBASTI,162397e6-3942-45a2-aa9b-4ec912f86c0f,3,3
59a75f04-7b6e-4888-96da-9959d035c71e,EĞİL,5483513b-61a1-44f1-8f0d-173195a24fe7,3,3
11769752-e5fc-4269-8d10-066ece5b5ea6,KARACABEY,9b5965d9-4b44-49d4-a6ff-e98f61308229,3,3
7cd88c59-5a3e-4b8c-a361-1e0121cc352f,ÇAMAŞ,162397e6-3942-45a2-aa9b-4ec912f86c0f,3,3
49bfa603-b59a-4371-80eb-ec427b188392,KEPSUT,8b88c606-15c7-487b-8d6d-26a36bd70b8c,3,3
0ba01405-c082-4e3a-9376-c13a11a2055a,ÇAĞLAYANCERİT,34dbd6d4-c49b-4f8b-8b4c-f34456e0cdab,3,3
76a6e6a6-b7dd-475a-98aa-ed32d9dd610d,ELBEYLİ,6a1721f9-d4aa-47d5-b93d-c7500eb46bda,3,3
dafd9306-896f-4229-9b17-dd57b8ffe830,MERKEZ,69f57ea2-fba7-4fe1-9a3e-2c04515584de,3,3
c2925cc9-a6b9-485d-8fb0-d12a985ecf37,KARATAY,4f36f744-5985-4605-b65a-a60f986d8197,3,3
cda5c19b-8a7f-4722-a284-c4e5c7c6de58,ÇARŞIBAŞI,2facbd65-ca92-408e-ac53-516e60f468d7,3,3
3b202193-92c3-475e-95f9-fa60c5b45aa3,MERZİFON,3a2598ff-e30b-4e00-aac2-d7764f4475b6,3,3
712ab9bf-8ca0-4ef7-a486-cd05187c5d7b,İSKENDERUN,29cdfc6a-53fc-4673-a47e-8e53d64a0ac4,3,3
14d85a1b-9c5a-490d-a397-ab32d87bee9f,ŞİRAN,924ffc59-57ef-4bc5-83f5-de469f35f5bd,3,3
e2977389-2454-4a0f-82e8-9ec5e9d7f6b8,MİDYAT,006b7ca0-1c73-43fb-93d7-b7fef750c97a,3,3
a6994f36-2c8d-458c-9b3b-fb184c48fd73,KÜRE,4f3e05ac-e7fc-4a98-afd7-d817c36e9793,3,3
7fbc8079-4754-42f6-8e1a-ab968029c036,AKÇADAĞ,0eb06902-3df3-4bcc-9dfa-3a7c6e205e7a,3,3
e18d8331-7d3f-4ba8-9d40-da42d9f28f0a,HALFETİ,f7f64f1d-072e-4db8-9908-894134524c69,3,3
d68270bc-ba31-4f35-8605-228e02f88154,ŞİLE,f68c97c5-2ea7-431e-8e4d-bc4a1118b62b,3,3
6da1a6ff-266c-41f1-b70a-9a3522ec19d6,ARDANUÇ,2385ddbd-89bf-46e8-96bd-30963a3391fc,3,3
e89cf617-69fc-4705-909e-58f12ef210f6,BAYINDIR,5f83fa90-a3e1-44ca-84e2-18c5c531c200,3,3
441fca4a-49c5-4b46-b574-783e94d64a1e,ÇİÇEKDAĞI,e122d251-ff23-495c-92fa-d1f36f10028d,3,3
01a7eb71-670c-4651-b3dc-478cd6b73b3a,KÜRTÜN,924ffc59-57ef-4bc5-83f5-de469f35f5bd,3,3
69007aae-088b-47e7-a460-1a1b747ffd1a,MERKEZ,5655551f-a4f5-4921-b6a8-1399c5b8b71b,3,3
474bfa7e-6728-4048-a61f-443f57d5eef4,HONAZ,7a47e8c4-2981-41bf-a91b-83e769344b29,3,3
f78a4286-8704-4028-ad29-6cbc3ceaf532,ÇELEBİ,e00fd4e3-2d2a-4066-8069-06bda27d2fcb,3,3
fd9fda00-ca9f-4f63-b19d-cf9147baaf7c,MENEMEN,5f83fa90-a3e1-44ca-84e2-18c5c531c200,3,3
0de62fca-00e4-48c8-9225-d7e590c9aef3,MERKEZ,bd2215be-7c99-4132-8fdd-ef0e857ce616,3,3
3d00d133-0bcd-4478-be11-8c767a58c971,KOCAALİ,a87794ee-f7a8-40de-acb2-165add773634,3,3
90b6990f-e24a-4ee6-8c84-95f3809bc2ad,EREĞLİ,acd6ebfa-8ff9-4511-b1cf-835ca3b362a4,3,3
3a35f38d-0ff7-46a5-847a-58a39b2ae1b0,OSMANGAZİ,9b5965d9-4b44-49d4-a6ff-e98f61308229,3,3
133fc5ea-a446-4df0-adf7-5a31a79c2f3d,MERKEZ,db4cfb7c-95be-4abc-948e-c5de57785d6b,3,3
0704744d-5413-468b-9202-b4f2bb0cd9df,DÜZKÖY,2facbd65-ca92-408e-ac53-516e60f468d7,3,3
18be498d-6c77-44c8-aaf1-cdd431936df2,ALTINÖZÜ,29cdfc6a-53fc-4673-a47e-8e53d64a0ac4,3,3
63cc5188-2f52-4904-a741-4cb5149bf0b8,HAVZA,8f91f557-ab29-48d8-9ad6-38e0da9c88ec,3,3
3b9ea66b-d069-4f2e-b368-6b4cc9384138,PAZARLAR,4fd7e41e-3234-40c2-bec0-3c33f6d13bca,3,3
fed9c223-b568-4b69-95fa-3a3b1e9c2640,AKSU,d43a7d97-ca36-4b01-b3c8-70fa357836cf,3,3
6edc0d62-fa66-4708-8610-9b090543c172,PAZAR,4a28fa4d-2a2e-493c-b0d2-e75de996b3e6,3,3
7a801817-7300-4fda-9a53-c70b5e43cd75,İBRADI,bb35b134-f081-4cb8-844b-0f60da38da06,3,3
97aab772-f3d4-46cb-ae2c-9ce0438cc482,SÖĞÜTLÜ,a87794ee-f7a8-40de-acb2-165add773634,3,3
6832cc3f-0fca-4b25-904f-bdc90a1798fc,HAVRAN,8b88c606-15c7-487b-8d6d-26a36bd70b8c,3,3
6486d6a2-63ee-4c61-b745-b83c449d6bfa,DEVREKANİ,4f3e05ac-e7fc-4a98-afd7-d817c36e9793,3,3
3a6cac7f-9d97-48f7-902f-e202df4d7a4d,UZUNDERE,5e5b9920-e84c-44ef-905a-cd31b3a66c44,3,3
b885b1f5-d90e-43f3-a195-5f855f339e8f,MERKEZ,031f11b8-3980-4749-a4af-dcc46c317f72,3,3
f182a1f6-2b40-43ca-835b-0c299264d5d4,KAYNAŞLI,e235fae1-2bde-4a17-82af-c80e1622b452,3,3
3422858b-68ed-4fae-971f-8ea25c66164e,HAMUR,031f11b8-3980-4749-a4af-dcc46c317f72,3,3
0bfab43a-f844-4a5b-995d-362538273abd,İSPİR,5e5b9920-e84c-44ef-905a-cd31b3a66c44,3,3
613bc263-622e-4ae2-93e0-a33488326a71,HİZAN,93be93aa-0410-498d-b1c6-8345ee73417d,3,3
b0627e41-e88a-43f8-9b05-74c68d902e89,SİNANPAŞA,bd2215be-7c99-4132-8fdd-ef0e857ce616,3,3
a790b6ae-685a-4544-9017-5746b9637047,ŞARKÖY,9c9e321e-663f-4cb4-8085-5facd464dc68,3,3
944d7206-0c39-412b-8ebb-730a30acbb60,KELES,9b5965d9-4b44-49d4-a6ff-e98f61308229,3,3
472074d8-c429-4249-a275-5cf79b649ee9,KARŞIYAKA,5f83fa90-a3e1-44ca-84e2-18c5c531c200,3,3
05e089e7-98e1-44ab-9a36-cf7b07fbdad4,SAVAŞTEPE,8b88c606-15c7-487b-8d6d-26a36bd70b8c,3,3
37426af6-25cd-4dc2-967d-076f37033794,AZDAVAY,4f3e05ac-e7fc-4a98-afd7-d817c36e9793,3,3
eb98b3a6-68f2-48f7-93ab-41b97186e1e7,ALMUS,fb3852b5-0780-407c-bd0f-da2d0109465c,3,3
ee29bc08-a9c9-436c-aeb5-df14c55f3cbf,AKHİSAR,0fe5a765-5d86-407b-a18a-954507784c74,3,3
1599a2dd-305b-48b4-9255-35ec2e233fd3,PAZARCIK,34dbd6d4-c49b-4f8b-8b4c-f34456e0cdab,3,3
50155239-c927-46e6-997c-f3081fc6b0f8,KÖŞK,24bc317b-2ed3-4944-b83e-c59253b5c058,3,3
565fd65e-9af5-48bf-bf58-53060a3a8c37,KULA,0fe5a765-5d86-407b-a18a-954507784c74,3,3
e53aa192-6979-42b4-830d-21e34c3bff98,PAZAR,fb3852b5-0780-407c-bd0f-da2d0109465c,3,3
0a338953-212e-4e84-a423-ef15ca8269f1,TUT,b2146e95-c44b-4684-9240-7a8af672cca6,3,3
879d6241-060f-41c2-9c52-2551c6d4822b,GERZE,3a65f91e-3637-476e-a40e-dda0b091a264,3,3
070a138b-afa3-4657-bdf5-71b73ae21e96,FEKE,f25d9ff9-f343-4a54-93e3-36180dbcab32,3,3
b9fd5e88-bcc0-4924-bd55-800538f5207b,POLATLI,6429b812-7c0f-4a22-8c2d-3d308a0c3f82,3,3
c409bad7-8813-4413-bc90-4dced67b4b3b,BEŞİKTAŞ,f68c97c5-2ea7-431e-8e4d-bc4a1118b62b,3,3
b8e6f940-3051-46e5-b26c-a3ec0d547e31,GÖLBAŞI,6429b812-7c0f-4a22-8c2d-3d308a0c3f82,3,3
37749161-270d-4f9d-8f5d-63e7284045d5,NİLÜFER,9b5965d9-4b44-49d4-a6ff-e98f61308229,3,3
70ce0e22-0e65-485a-b439-c17c584157d5,DERELİ,3232c980-5404-4060-b18c-fa745df09751,3,3
0ff233b4-dad4-4d11-b175-3b8ef0275032,MAZGİRT,aa0ea380-90b7-4a2b-b0a0-fea002269c26,3,3
70fdb8ad-1bed-416f-91cf-d418a23fc44e,BAŞAKŞEHİR,f68c97c5-2ea7-431e-8e4d-bc4a1118b62b,3,3
8c3ddd6e-43a0-4363-a042-923805e6bb2f,BİRECİK,f7f64f1d-072e-4db8-9908-894134524c69,3,3
1430eeed-22a2-4222-a815-cab68b5903df,TİRE,5f83fa90-a3e1-44ca-84e2-18c5c531c200,3,3
43d7d1f2-46d4-42bd-bdcf-7228fc215400,MERKEZ,571c9fb2-5744-46ab-9509-9e96d067f9e7,3,3
70c62a2b-d885-4103-bad7-53d89c176a1b,BABADAĞ,7a47e8c4-2981-41bf-a91b-83e769344b29,3,3
7f2d9b36-6e69-4d6c-b127-5d982d383df3,UZUNKÖPRÜ,d14d349d-2daf-4639-9c66-53ddce02aeda,3,3
6003af8f-1bdf-4ef0-acdd-c735b929c9d2,İDİL,1ff22d1d-8450-436f-8085-3b1fd140afa8,3,3
9e5976a3-27ff-4a06-a373-2171eca102fe,MERKEZ,acd6ebfa-8ff9-4511-b1cf-835ca3b362a4,3,3
a1b00809-cb3f-42f3-89ff-171c7d8233e0,TİLLO,12b486c0-a64b-4f4a-9c67-be7572242c83,3,3
197083f1-907e-4478-b8f7-2948efe4506b,BAHÇESARAY,9a9704a3-ac46-4dfb-89b2-2c582478650b,3,3
56f5efbd-080b-4b09-9aac-3cb3ff8d8875,GÖLHİSAR,218f64ca-3609-4089-9e7c-642488652fbb,3,3
fa1b407c-b581-472e-bf29-05dba58f9211,GÜRPINAR,9a9704a3-ac46-4dfb-89b2-2c582478650b,3,3
bfce5cab-6cf0-4cf5-85c5-44959f84730c,ESENYURT,f68c97c5-2ea7-431e-8e4d-bc4a1118b62b,3,3
6e78c091-38ed-48ca-9a6b-6e7f445d6f94,DEMRE,bb35b134-f081-4cb8-844b-0f60da38da06,3,3
dc670e17-d094-441c-ab91-c40ca6d47a67,NARLIDERE,5f83fa90-a3e1-44ca-84e2-18c5c531c200,3,3
ed4954cd-364c-4742-93df-9527e2a181da,PÜLÜMÜR,aa0ea380-90b7-4a2b-b0a0-fea002269c26,3,3
4081f292-09e2-4c09-ae20-c305857bbd80,TAŞLIÇAY,031f11b8-3980-4749-a4af-dcc46c317f72,3,3
c2457d78-c48b-4240-aa0a-2e36036bc22f,BAYRAMPAŞA,f68c97c5-2ea7-431e-8e4d-bc4a1118b62b,3,3
84b848b8-486b-498d-998b-76508387119b,ERUH,12b486c0-a64b-4f4a-9c67-be7572242c83,3,3
687a6b27-9f1e-479e-a387-b6e02a5843fc,KARAKÖPRÜ,f7f64f1d-072e-4db8-9908-894134524c69,3,3
60a9fb18-14d2-4eaa-a50d-ba949806bdbf,ÇAVDARHİSAR,4fd7e41e-3234-40c2-bec0-3c33f6d13bca,3,3
7b008ecc-057b-427a-8a50-fba5c1b61188,ÇELTİKÇİ,218f64ca-3609-4089-9e7c-642488652fbb,3,3
f14a526c-3b6d-440d-b204-a3fe52482893,BAYRAMÖREN,9433f841-d4dc-4754-bdf5-3ed5736bbb8e,3,3
79c5d51b-94bc-42b0-b221-99ff2335d059,SOLHAN,68837a9e-b016-4c8b-933e-5c279da5c295,3,3
41fde100-db0c-4135-9473-7a1fbcdb3481,TOPRAKKALE,d71b357d-c159-4a3d-b0c4-bfb875b86a78,3,3
90c4ffab-0a93-4b28-9d38-cc0504ed5b47,SUMBAS,d71b357d-c159-4a3d-b0c4-bfb875b86a78,3,3
ddaeb5bf-c520-4cda-8f48-9a9c8470f0c1,AKŞEHİR,4f36f744-5985-4605-b65a-a60f986d8197,3,3
05f29feb-6281-401d-8d27-ae8a3d7fba23,SARAYDÜZÜ,3a65f91e-3637-476e-a40e-dda0b091a264,3,3
d6e92bec-f38c-4bb9-bd01-ce89c0915009,ADAKLI,68837a9e-b016-4c8b-933e-5c279da5c295,3,3
80ae7682-9f84-4bb4-a8d2-a15f1036ccc1,POZANTI,f25d9ff9-f343-4a54-93e3-36180dbcab32,3,3
5dbeae87-9ab1-4416-b488-c67a9eb471e0,GEREDE,e414f007-372a-4eb4-8528-96f4472b0abf,3,3
251b67cc-fc42-49d3-a9d7-6b3ac6b601e8,BOĞAZKALE,5655551f-a4f5-4921-b6a8-1399c5b8b71b,3,3
59d6d377-50cf-4ee0-93d4-915582511bc6,GÖKÇEBEY,acd6ebfa-8ff9-4511-b1cf-835ca3b362a4,3,3
56d3a5a5-8f25-48f2-a91c-fc5a824ffb96,SULTANBEYLİ,f68c97c5-2ea7-431e-8e4d-bc4a1118b62b,3,3
2df48b02-c7a3-4676-a2a2-51f656c29270,DELİCE,e00fd4e3-2d2a-4066-8069-06bda27d2fcb,3,3
5c13574a-044d-40fc-9e39-4af3ae8b8984,BOZKIR,4f36f744-5985-4605-b65a-a60f986d8197,3,3
bf7c54be-34ee-4839-9e74-6d8405dd0023,ULUDERE,1ff22d1d-8450-436f-8085-3b1fd140afa8,3,3
e1270d82-98b2-45b6-917e-b8d9a53af95d,KESKİN,e00fd4e3-2d2a-4066-8069-06bda27d2fcb,3,3
c8d83383-392f-4f56-a2cf-45364c0ecb26,GÖLKÖY,162397e6-3942-45a2-aa9b-4ec912f86c0f,3,3
d9691ea1-ead6-4d6d-b005-3731c8b8d7cd,YIĞILCA,e235fae1-2bde-4a17-82af-c80e1622b452,3,3
342ae61f-fc94-40dc-b47b-89f4046d79a3,BOZOVA,f7f64f1d-072e-4db8-9908-894134524c69,3,3
b0b1cbfe-9d14-4e7f-85fb-609048e30dc9,ETİMESGUT,6429b812-7c0f-4a22-8c2d-3d308a0c3f82,3,3
74f3aa9f-a75a-4a24-9118-1bf1a4c3c41d,ŞİŞLİ,f68c97c5-2ea7-431e-8e4d-bc4a1118b62b,3,3
ce8b7aca-2309-43f9-863f-b84d527f94cc,SELÇUK,5f83fa90-a3e1-44ca-84e2-18c5c531c200,3,3
4ecfb7ec-7ffe-45ce-bb92-2f90fe2637cc,ÇERKEŞ,9433f841-d4dc-4754-bdf5-3ed5736bbb8e,3,3
e17ad49f-0737-4524-b19b-3d8be7866688,BAŞÇİFTLİK,fb3852b5-0780-407c-bd0f-da2d0109465c,3,3
23f436f6-fb2b-425a-b22f-9392733573bc,MESUDİYE,162397e6-3942-45a2-aa9b-4ec912f86c0f,3,3
af7b4af8-a05d-41df-ae7b-1e07b100ce37,GAZİOSMANPAŞA,f68c97c5-2ea7-431e-8e4d-bc4a1118b62b,3,3
27a3b534-ea80-4ef3-b529-f4910aaa4899,BULANIK,8feb7f1c-b474-488d-b246-276ff423ce52,3,3
8ac7fbdf-5131-4251-8b66-77eb4323b9cc,OF,2facbd65-ca92-408e-ac53-516e60f468d7,3,3
ef8241be-22dd-4a51-8857-a02dac4e666f,SULTANHİSAR,24bc317b-2ed3-4944-b83e-c59253b5c058,3,3
87ce73b0-b9d5-4fb3-ba18-a5c1619ab0f5,PASİNLER,5e5b9920-e84c-44ef-905a-cd31b3a66c44,3,3
b8b1511d-8e25-487a-ab97-cca21e966402,MERKEZ,00e74a54-5fbc-4a58-a5fa-f395c1066b13,3,3
10f3204f-7b88-4e58-a2f1-31913fd49ec8,GÜROYMAK,93be93aa-0410-498d-b1c6-8345ee73417d,3,3
2e0b725e-dcbf-45a6-baf2-612971d72af4,MERKEZ,ed3b2e3c-2fe6-4d86-8e7f-8d484f63bf43,3,3
03e5eab5-846f-4b7e-b1b8-2b212aca63b5,SEYDİLER,4f3e05ac-e7fc-4a98-afd7-d817c36e9793,3,3
0ff0faf3-d7b5-49e0-821d-468808092129,DİDİM,24bc317b-2ed3-4944-b83e-c59253b5c058,3,3
24040b52-bf86-415d-a24c-322f49d71ef9,ŞARKIŞLA,fa6946d4-b281-4cc5-a047-0b4b80a11268,3,3
98079413-a654-419d-ba9c-62281f4564d8,TUFANBEYLİ,f25d9ff9-f343-4a54-93e3-36180dbcab32,3,3
2a5764fe-5440-4884-bf56-0ac9e904e038,ELDİVAN,9433f841-d4dc-4754-bdf5-3ed5736bbb8e,3,3
dd3f9b54-ea86-491c-b5df-e20a94dcec3f,ELBİSTAN,34dbd6d4-c49b-4f8b-8b4c-f34456e0cdab,3,3
80d3af3c-2ac7-4991-807e-ae2932951985,TAŞKÖPRÜ,4f3e05ac-e7fc-4a98-afd7-d817c36e9793,3,3
